URL,会社名,会社URL,売上,従業員数,会社情報
https://biz-maps.com/item/0W1wPvvlB7,株式会社トリリオン,http://trillion-tv.co.jp/index.html,-,6～10名,"基本情報
住所 〒 130-0013
東京都墨田区錦糸4-14-9 チグサビル303
設立年度 2009/4/22
資本金等 3,000,000円
代表者 森下陽介
URL http://trillion-tv.co.jp/index.html
お問い合わせURL
AIスコア
売上
-
従業員数
6～10名
経営者の年齢
事業所数
店舗数
工場数
決算月"
https://biz-maps.com/item/WX1NGjAljP,株式会社トラフィックブレイン,http://t-brain.jp,-,1～5名,"基本情報
住所 〒 101-0047
東京都千代田区内神田3-2-9SPビル2階
設立年度 2017/6/1
資本金等 7,000,000円
代表者 太田 恒平
URL http://t-brain.jp
お問い合わせURL
AIスコア
売上
-
従業員数
1～5名
経営者の年齢
事業所数
店舗数
工場数
決算月"
https://biz-maps.com/item/yP10NqXZMp,株式会社トライキャッチ,http://trycatch.jp/,-,6～10名,"基本情報
住所 〒 170-0005
東京都豊島区南大塚3丁目50番1号ウィンド大塚ビル309
設立年度 2008/4/1
資本金等 8,000,000円
代表者 太秦芳徳
URL http://trycatch.jp/
お問い合わせURL
AIスコア
売上
-
従業員数
6～10名
経営者の年齢
事業所数
店舗数
工場数
決算月"
https://biz-maps.com/item/3MYnanJZ7g,株式会社トポロジ,http://tplg.co.jp/,-,1～5名,"基本情報
住所 〒 101-0041
東京都千代田区神田須田町1丁目22番地 パルウールオオノビル3階
設立年度 2013/12/26
創業年度 2013/12
資本金等 38,730,000円
代表者 小原毅也
URL http://tplg.co.jp/
お問い合わせURL
AIスコア
売上
-
従業員数
1～5名
経営者の年齢
事業所数
店舗数
工場数
決算月"
https://biz-maps.com/item/V2lk0yaZ50,株式会社トーシン,https://www.to-shinnet.co.jp/,-,11名～30名,"基本情報
住所 〒 110-0004
東京都台東区下谷1-11-5-201
設立年度 -
創業年度 1993/12
資本金等 -
代表者 工藤　誠
URL https://www.to-shinnet.co.jp/
お問い合わせURL
AIスコア
売上
-
従業員数
11名～30名
経営者の年齢
事業所数
店舗数
工場数
決算月"
https://biz-maps.com/item/3MYnazVZ7g,株式会社トゥーフロント,http://www.to-front.net/,-,11名～30名,"基本情報
住所 〒 164-0011
東京都中野区中央1-52-2 Vigorosso中野坂上1F
設立年度 2007/9
創業年度 2006/4
資本金等 10,000,000円
代表者 小原一郎
URL http://www.to-front.net/
お問い合わせURL
AIスコア
売上
-
従業員数
11名～30名
経営者の年齢
事業所数
店舗数
工場数
決算月"
https://biz-maps.com/item/kDZr9nvlGJ,株式会社トイズ,https://toysworks.jp/,-,6～10名,"基本情報
住所 〒 101-0021
東京都千代田区外神田4-12-9ヒューリック秋葉原ビル8F
設立年度 2008/11
資本金等 -
代表者 -
URL https://toysworks.jp/
お問い合わせURL
AIスコア
売上
-
従業員数
6～10名
経営者の年齢
事業所数
店舗数
工場数
決算月"
https://biz-maps.com/item/D0YL05zY9W,株式会社デザインバス,http://www.designbus.co.jp,-,11名～30名,"基本情報
住所 〒 101-0051
東京都千代田区神田神保町1丁目48番地1興生堂ビル4階
設立年度 1995
資本金等 10,000,000円
代表者 古賀龍平
URL http://www.designbus.co.jp
お問い合わせURL
AIスコア
売上
-
従業員数
11名～30名
経営者の年齢
事業所数
店舗数
工場数
決算月"
https://biz-maps.com/item/L3Z7WBbZOo,株式会社テクロンジャパン,http://tech-long.jp,-,1～5名,"基本情報
住所 〒 110-0016
東京都台東区台東1-24-10市村第二ビル3F
設立年度 2011/9/8
資本金等 5,000,000円
代表者 雷 維観
URL http://tech-long.jp
お問い合わせURL
AIスコア
売上
-
従業員数
1～5名
経営者の年齢
事業所数
店舗数
工場数
決算月"
https://biz-maps.com/item/L3Z7W8oZOo,株式会社チーム医療ラーニング,https://www.iryo.jp/,-,1～5名,"基本情報
住所 〒 170-0005
東京都豊島区南大塚2-42-1折原ビル
設立年度 2006/7/10
資本金等 1,000,000円
代表者 梅本和比己
URL https://www.iryo.jp/
お問い合わせURL
AIスコア
売上
-
従業員数
1～5名
経営者の年齢
事業所数
店舗数
工場数
決算月"
https://biz-maps.com/item/mJY2XBBlMz,株式会社タニグチ,http://a-one-taniguchi.jp/,-,6～10名,"基本情報
住所 〒 120-0013
東京都足立区弘道1-28-2
設立年度 -
資本金等 10,000,000円
代表者 谷口 初枝
URL http://a-one-taniguchi.jp/
お問い合わせURL
AIスコア
売上
-
従業員数
6～10名
経営者の年齢
事業所数
店舗数
工場数
決算月"
https://biz-maps.com/item/V2lk0eNZ50,株式会社そると,http://www.saltinc.co.jp/,-,11名～30名,"基本情報
住所 〒 141-0021
東京都品川区上大崎2-15-19 MG目黒駅前2階
設立年度 2015/1/1
資本金等 5,000,000円
代表者 大塚祐輔
URL http://www.saltinc.co.jp/
お問い合わせURL
AIスコア
売上
-
従業員数
11名～30名
経営者の年齢
事業所数
店舗数
工場数
決算月"
https://biz-maps.com/item/PQ1p8o91kg,株式会社スタジオシティ,-,-,1～5名,"基本情報
住所 〒 104-0033
東京都中央区新川1-3-2AS-2-3F
設立年度 1990/5
創業年度 1982/7
資本金等 10,000,000円
代表者 油利賢次
URL -
お問い合わせURL
AIスコア
売上
-
従業員数
1～5名
経営者の年齢
事業所数
店舗数
工場数
決算月"
https://biz-maps.com/item/L4log7ylv2,株式会社スタートポイント,http://startpoint.co.jp,-,6～10名,"基本情報
住所 〒 170-0005
東京都豊島区南大塚3-34-13 ニュー田村ビル3階
設立年度 2010/3/10
創業年度 2010
資本金等 2,500,000円
代表者 小泉光一郎
URL http://startpoint.co.jp
お問い合わせURL
AIスコア
売上
-
従業員数
6～10名
経営者の年齢
事業所数
店舗数
工場数
決算月"
https://biz-maps.com/item/L4logDylv2,株式会社ダイキアクシス・サステイナブル・パワー,https://dasp.daiki-axis.com/company/,-,1～5名,"基本情報
住所 〒 103-0004
東京都中央区東日本橋2丁目15番4号 PMO東日本橋9F
設立年度 2011/2/14
資本金等 100,000,000円
代表者 堀淵　昭洋
URL https://dasp.daiki-axis.com/company/
お問い合わせURL
AIスコア
売上
-
従業員数
1～5名
経営者の年齢
事業所数
店舗数
工場数
決算月"
https://biz-maps.com/item/bkZRVaWZBg,株式会社シュガーテイスト,http://www.sugartaste.co.jp/,-,11名～30名,"基本情報
住所 〒 111-0036
東京都台東区松が谷2丁目2番10号
設立年度 2011/7/5
創業年度 2011
資本金等 3,000,000円
代表者 佐藤奈緒子
URL http://www.sugartaste.co.jp/
お問い合わせURL
AIスコア
売上
-
従業員数
11名～30名
経営者の年齢
事業所数
店舗数
工場数
決算月"
https://biz-maps.com/item/V2lk00DZ50,株式会社ジャパンイノベーションコンサルティング,http://jig-net.co.jp/,-,6～10名,"基本情報
住所 〒 141-0022
東京都品川区東五反田4-4-4-1F
設立年度 -
資本金等 2,000,000円
代表者 吉川　知央
URL http://jig-net.co.jp/
お問い合わせURL
AIスコア
売上
-
従業員数
6～10名
経営者の年齢
事業所数
店舗数
工場数
決算月"
https://biz-maps.com/item/6p1X7EBYNa,株式会社システムコナリ,http://www.systemkonari.jp/index.htm,-,1～5名,"基本情報
住所 〒 131-0043
東京都墨田区立花4-14-2
設立年度 /9/1
創業年度 1987
資本金等 10,000,000円
代表者 児成 卓
URL http://www.systemkonari.jp/index.htm
お問い合わせURL
AIスコア
売上
-
従業員数
1～5名
経営者の年齢
事業所数
店舗数
工場数
決算月"
https://biz-maps.com/item/jg16dKGZ9G,株式会社シオノ事務所,-,-,1～5名,"基本情報
住所 〒 112-0012
東京都文京区大塚4丁目29番8の101号
設立年度 1985/3
資本金等 10,000,000円
代表者 志生野温夫
URL -
お問い合わせURL
AIスコア
売上
-
従業員数
1～5名
経営者の年齢
事業所数
店舗数
工場数
決算月"
https://biz-maps.com/item/3MYnaR9Z7g,株式会社ジーンリバティー,http://www.gene-liberty.jp,-,11名～30名,"基本情報
住所 〒 112-0014
東京都文京区関口1-24-8 東宝江戸川橋ビル7F
設立年度 2010/4/1
資本金等 10,000,000円
代表者 横井大希
URL http://www.gene-liberty.jp
お問い合わせURL
AIスコア
売上
-
従業員数
11名～30名
経営者の年齢
事業所数
店舗数
工場数
決算月"
https://biz-maps.com/item/3eYPqE6k1E,ＴＭＴユニバーサル株式会社,https://tmt-universal.com/jp/,-,-,"基本情報
住所 〒 104-0061
東京都中央区銀座6-13-9 GIRAC GINZA 8F
設立年度 2021/7/20
創業年度 2018/8/10
資本金等 -
代表者 津村 雅志
URL https://tmt-universal.com/jp/
お問い合わせURL
AIスコア
売上
-
従業員数
-
経営者の年齢
事業所数
店舗数
工場数
決算月"
https://biz-maps.com/item/WBlx5DjoZ8,株式会社アイディール,-,-,-,"基本情報
住所 〒 160-0022
東京都新宿区新宿2-13-10 武蔵ビル5F（5号室）
設立年度 2014/4
資本金等 5,000,000円
代表者 雨宮しょう二郎
URL -
お問い合わせURL
AIスコア
売上
-
従業員数
-
経営者の年齢
事業所数
店舗数
工場数
決算月"
https://biz-maps.com/item/D0YLLm9QY9,株式会社Ｈｉ‐Ｔｏサービス,https://hi-to-service.com/,-,-,"基本情報
住所 東京都八王子市諏訪町307番地1
設立年度 2024/7
創業年度 2019/3
資本金等 -
代表者 中堀利行
URL https://hi-to-service.com/
お問い合わせURL
AIスコア
売上
-
従業員数
-
経営者の年齢
事業所数
店舗数
工場数
決算月"
https://biz-maps.com/item/oelONWyG1A,合同会社田中アクターズ,https://tanaka-actors.online/,-,-,"基本情報
住所 東京都八王子市元本郷町4丁目5-10カインドネス八王子元本郷101
設立年度 2024/7
資本金等 3,000,000円
代表者 田中勇介
URL https://tanaka-actors.online/
お問い合わせURL
AIスコア
売上
-
従業員数
-
経営者の年齢
事業所数
店舗数
工場数
決算月"
https://biz-maps.com/item/x6YVGE9A1B,株式会社ディノックス,https://www.dinox.co.jp/,-,-,"基本情報
住所 〒 183-0056
東京都府中市寿町1丁目4番地17
設立年度 2024/7
創業年度 2024/7/29
資本金等 3,000,000円
代表者 吉川俊隆
URL https://www.dinox.co.jp/
お問い合わせURL
AIスコア
売上
-
従業員数
-
経営者の年齢
事業所数
店舗数
工場数
決算月"
https://biz-maps.com/item/oP1DE79Dlx,リエゾンちょうふ,https://liaison-chofu.com/,-,-,"基本情報
住所 〒 182-0026
東京都調布市小島町2-33-1 調布市文化会館たづくり内会議室
設立年度 2024/7
資本金等 -
代表者 -
URL https://liaison-chofu.com/
お問い合わせURL
AIスコア
売上
-
従業員数
-
経営者の年齢
事業所数
店舗数
工場数
決算月"
https://biz-maps.com/item/Vo1epLD6YW,株式会社シーアールエムコネクト,https://crmconnect.co.jp/,-,-,"基本情報
住所 〒 170-0003
東京都豊島区駒込1丁目3-4-1001
設立年度 2024/7
資本金等 -
代表者 山本正樹
URL https://crmconnect.co.jp/
お問い合わせURL
AIスコア
売上
-
従業員数
-
経営者の年齢
事業所数
店舗数
工場数
決算月"
https://biz-maps.com/item/L4loXGkkZv,一般社団法人情報経営イノベーション組織研究機構,https://iusoshiki.jpnx.org/,-,-,"基本情報
住所 東京都新宿区高田馬場4丁目13番12号伊豆栄ビル301
設立年度 2024/7
資本金等 -
代表者 松井勇策
URL https://iusoshiki.jpnx.org/
お問い合わせURL
AIスコア
売上
-
従業員数
-
経営者の年齢
事業所数
店舗数
工場数
決算月"
https://biz-maps.com/item/0mlz30wKZO,株式会社Ｒｅａｃｔ　Ｓｔｕｄｉｏ,https://www.react-studio.com/,-,-,"基本情報
住所 〒 160-0022
東京都新宿区新宿7丁目26番40号アパガーデンズ新宿戸山公園005
設立年度 2024/7
創業年度 2024/7
資本金等 1,000,000円
代表者 花井悠二
URL https://www.react-studio.com/
お問い合わせURL
AIスコア
売上
-
従業員数
-
経営者の年齢
事業所数
店舗数
工場数
決算月"
https://biz-maps.com/item/mJY27jWo1M,一般社団法人国際臨床歯科研究所,https://www.kokusai-rinsho.org/,-,-,"基本情報
住所 〒 154-0014
東京都世田谷区新町2丁目35-27
設立年度 2024/7
資本金等 -
代表者 和田勝行
URL https://www.kokusai-rinsho.org/
お問い合わせURL
AIスコア
売上
-
従業員数
-
経営者の年齢
事業所数
店舗数
工場数
決算月"
https://biz-maps.com/item/WQ18Gr9PY7,株式会社Ｇｌｏｂａｌ　ｃｈｅｆ,https://grobalchef.life/,-,-,"基本情報
住所 東京都渋谷区本町2丁目12番7-207号ロアール渋谷本町
設立年度 2024/7
資本金等 1,000,000円
代表者 押田貴広
URL https://grobalchef.life/
お問い合わせURL
AIスコア
売上
-
従業員数
-
経営者の年齢
事業所数
店舗数
工場数
決算月"
https://biz-maps.com/item/3eYP73y5ZE,株式会社ＡＩｗｏｒｋｅｒ,https://ai-worker.net/,-,-,"基本情報
住所 東京都渋谷区神宮前3丁目5番23号神宮前めぞぴあのK&A303
設立年度 2024/7
創業年度 2024/7/30
資本金等 1,000,000円
代表者 杉本卓應
URL https://ai-worker.net/
お問い合わせURL
AIスコア
売上
-
従業員数
-
経営者の年齢
事業所数
店舗数
工場数
決算月"
https://biz-maps.com/item/v91JVG9A1K,一般財団法人みかんせい小学校設立準備財団,https://hp.mikansei.jp/,-,-,"基本情報
住所 東京都大田区仲六郷2-45-4-1F
設立年度 2024/7
創業年度 2024/7/12
資本金等 3,000,000円
代表者 川口博史
URL https://hp.mikansei.jp/
お問い合わせURL
AIスコア
売上
-
従業員数
-
経営者の年齢
事業所数
店舗数
工場数
決算月"
https://biz-maps.com/item/3bZ9g98X15,Ｓｕｂｌｉｍｅ株式会社,https://www.sublime-m.com/,-,-,"基本情報
住所 〒 135-0004
東京都江東区森下2丁目17-7オークホテル江戸
設立年度 2024/7
資本金等 -
代表者 鈴木晴雄
URL https://www.sublime-m.com/
お問い合わせURL
AIスコア
売上
-
従業員数
-
経営者の年齢
事業所数
店舗数
工場数
決算月"
https://biz-maps.com/item/gm1yWvB6Zo,株式会社Ｄ‐ｃｏｄｅ,https://code-d.co.jp/,-,-,"基本情報
住所 〒 111-0054
東京都台東区鳥越1丁目16番8号
設立年度 2024/7
創業年度 2024/7
資本金等 1,000,000円
代表者 申東京
URL https://code-d.co.jp/
お問い合わせURL
AIスコア
売上
-
従業員数
-
経営者の年齢
事業所数
店舗数
工場数
決算月"
https://biz-maps.com/item/jg16569JY9,ＶＯＩＱ株式会社,https://voiq.jp/,-,-,"基本情報
住所 〒 108-0014
東京都港区芝5-31-17 PMO田町7階
設立年度 2024/7
創業年度 2024/8
資本金等 1,000,000円
代表者 高田恵
URL https://voiq.jp/
お問い合わせURL
AIスコア
売上
-
従業員数
-
経営者の年齢
事業所数
店舗数
工場数
決算月"
https://biz-maps.com/item/3MYn7AxN17,一般社団法人日本エイジングケアヨガ協会,https://agingcare-management.com/,-,-,"基本情報
住所 東京都港区南青山2丁目2番15号
設立年度 2024/7
資本金等 -
代表者 守山麻衣
URL https://agingcare-management.com/
お問い合わせURL
AIスコア
売上
-
従業員数
-
経営者の年齢
事業所数
店舗数
工場数
決算月"
https://biz-maps.com/item/5XY4xpB6YE,Ｘｓｙｍ株式会社,https://www.xsym.com/top,-,-,"基本情報
住所 〒 107-0062
東京都港区南青山2丁目2番15号WinAoyamaビルUCF6F
設立年度 2024/7
創業年度 2024
資本金等 -
代表者 加藤真平
URL https://www.xsym.com/top
お問い合わせURL
AIスコア
売上
-
従業員数
-
経営者の年齢
事業所数
店舗数
工場数
決算月"
https://biz-maps.com/item/kVZEjo9aYE,ヘアケアクリニック六本木院,https://haircare-clinic.com/,-,-,"基本情報
住所 〒 106-0032
東京都港区六本木7-13-2アーバンビル5階
設立年度 2024/7
資本金等 -
代表者 矢本英之
URL https://haircare-clinic.com/
お問い合わせURL
AIスコア
売上
-
従業員数
-
経営者の年齢
事業所数
店舗数
工場数
決算月"
https://biz-maps.com/item/B2lvmodR1V,株式会社ネットプライス,https://netprice.co.jp/,-,-,"基本情報
住所 〒 105-0004
東京都港区新橋二丁目16番1号 7F
設立年度 2024/7
創業年度 2004/12/27
資本金等 890,000,000円
代表者 古賀賢一
URL https://netprice.co.jp/
お問い合わせURL
AIスコア
売上
-
従業員数
-
経営者の年齢
事業所数
店舗数
工場数
決算月"
https://biz-maps.com/item/jVYqomAKlJ,合同会社スラッシュノット,https://slashnot-art-design.com/,-,-,"基本情報
住所 〒 104-0061
東京都中央区銀座1丁目12番4号N&EBLD.6F
設立年度 2024/7
創業年度 2024/7/25
資本金等 1,000,000円
代表者 阿久津友宏
URL https://slashnot-art-design.com/
お問い合わせURL
AIスコア
売上
-
従業員数
-
経営者の年齢
事業所数
店舗数
工場数
決算月"
https://biz-maps.com/item/0W1wRwW5YB,合同会社ウルノワ,https://www.urunowa.jp/,-,-,"基本情報
住所 東京都中央区銀座1丁目12番4号N&EBLD.6F
設立年度 2024/7
資本金等 -
代表者 藤原俊
URL https://www.urunowa.jp/
お問い合わせURL
AIスコア
売上
-
従業員数
-
経営者の年齢
事業所数
店舗数
工場数
決算月"
https://biz-maps.com/item/B2ZBvb90ZV,Ｇｒｏｗｔｈ　ａｎｄ　Ｐｒｏｇｒｅｓｓ合同会社,https://www.growth-prog.jp/,-,-,"基本情報
住所 〒 104-0031
東京都中央区京橋3丁目3-13平和ビル3号館3F
設立年度 2024/7
創業年度 2024/7
資本金等 -
代表者 曽根原幹人
URL https://www.growth-prog.jp/
お問い合わせURL
AIスコア
売上
-
従業員数
-
経営者の年齢
事業所数
店舗数
工場数
決算月"
https://biz-maps.com/item/9oZ3X43EYq,株式会社ＰＧＫ,https://pgkjp.com/,-,-,"基本情報
住所 〒 100-6213
東京都千代田区丸の内1丁目11-1号パシフィックセンチュリープレイス丸の内 8階
設立年度 2024/7
資本金等 5,000,000円
代表者 森田朋
URL https://pgkjp.com/
お問い合わせURL
AIスコア
売上
-
従業員数
-
経営者の年齢
事業所数
店舗数
工場数
決算月"
https://biz-maps.com/item/Vo1epLO6YW,株式会社シゲンソーラー,https://sigen-rsk.com/,-,-,"基本情報
住所 〒 206-0021
東京都多摩市連光寺6丁目18番地の1、3F
設立年度 2024/7
創業年度 2024/7/29
資本金等 5,000,000円
代表者 築地隼人
URL https://sigen-rsk.com/
お問い合わせURL
AIスコア
売上
-
従業員数
-
経営者の年齢
事業所数
店舗数
工場数
決算月"
https://biz-maps.com/item/L4loXGAkZv,Ｊｏｉｎｔ　Ｆｌｏｗプログラミングスクール,https://jointflow.raindrop.jp/,-,-,"基本情報
住所 〒 192-0046
東京都八王子市明神町3丁目20番5号エイトビル3階
設立年度 2024/7
資本金等 -
代表者 川口比佐志
URL https://jointflow.raindrop.jp/
お問い合わせURL
AIスコア
売上
-
従業員数
-
経営者の年齢
事業所数
店舗数
工場数
決算月"
https://biz-maps.com/item/RDZa0eBBlA,株式会社ビジネスフードファン,https://www.iwamoto-ruriko.com/,-,-,"基本情報
住所 〒 190-0022
東京都立川市錦町1丁目4番4号サニービル2階CS-91
設立年度 2024/7
創業年度 2009/6
資本金等 -
代表者 岩本留里子
URL https://www.iwamoto-ruriko.com/
お問い合わせURL
AIスコア
売上
-
従業員数
-
経営者の年齢
事業所数
店舗数
工場数
決算月"
https://biz-maps.com/item/XyYKOgr5Yg,株式会社ＨＩＧＨＦＩＥＬＤ,https://www.highfield-biz.jp/,-,-,"基本情報
住所 〒 173-0012
東京都板橋区大和町44番12号
設立年度 2024/7
資本金等 -
代表者 高野英幸
URL https://www.highfield-biz.jp/
お問い合わせURL
AIスコア
売上
-
従業員数
-
経営者の年齢
事業所数
店舗数
工場数
決算月"
https://biz-maps.com/item/qKYMQRDVYg,宮川商店合同会社,https://soratoburug.shop/,-,-,"基本情報
住所 東京都目黒区下目黒4丁目10番30号
設立年度 2024/7
資本金等 -
代表者 -
URL https://soratoburug.shop/
お問い合わせURL
AIスコア
売上
-
従業員数
-
経営者の年齢
事業所数
店舗数
工場数
決算月"
https://biz-maps.com/item/mJY27jdo1M,Ｓａｎｉｔａ,https://sanitatokyo.com/,-,-,"基本情報
住所 〒 151-0066
東京都渋谷区西原2-27-4 1F
設立年度 2024/7
資本金等 -
代表者 -
URL https://sanitatokyo.com/
お問い合わせURL
AIスコア
売上
-
従業員数
-
経営者の年齢
事業所数
店舗数
工場数
決算月"
https://biz-maps.com/item/v91JVGqA1K,合同会社Ｋ　ｓｕｐｐｏｒｔ,https://ksup.jp/,-,-,"基本情報
住所 〒 150-0045
東京都渋谷区神泉町10番15号
設立年度 2024/7
資本金等 -
代表者 木浦洋温
URL https://ksup.jp/
お問い合わせURL
AIスコア
売上
-
従業員数
-
経営者の年齢
事業所数
店舗数
工場数
決算月"
https://biz-maps.com/item/kDZr5Rm9lG,ＥＳＴＡＣＫ．ｃｌｏｕｄ株式会社,https://www.estack.cloud/,-,-,"基本情報
住所 〒 150-0044
東京都渋谷区円山町5番5号Navi渋谷V3階
設立年度 2024/7
創業年度 2024/7/23
資本金等 3,000,000円
代表者 葉山幸治
URL https://www.estack.cloud/
お問い合わせURL
AIスコア
売上
-
従業員数
-
経営者の年齢
事業所数
店舗数
工場数
決算月"
https://biz-maps.com/item/jg1656qJY9,株式会社Ｇｒｅｅｎ　Ｌｅａｆ　Ｊａｐａｎ,https://greenleafjapan.net/,-,-,"基本情報
住所 〒 150-0043
東京都渋谷区道玄坂1丁目10番8号渋谷道玄坂東急ビル2F‐C
設立年度 2024/7
資本金等 -
代表者 山崎遼
URL https://greenleafjapan.net/
お問い合わせURL
AIスコア
売上
-
従業員数
-
経営者の年齢
事業所数
店舗数
工場数
決算月"
https://biz-maps.com/item/3MYn7A5N17,アキタヤデザイン株式会社,https://akitaya.design/,-,-,"基本情報
住所 〒 150-0043
東京都渋谷区道玄坂1丁目10番8号渋谷道玄坂東急ビル2F
設立年度 2024/7
創業年度 2013/5
資本金等 5,000,000円
代表者 秋田谷拓実
URL https://akitaya.design/
お問い合わせURL
AIスコア
売上
-
従業員数
-
経営者の年齢
事業所数
店舗数
工場数
決算月"
https://biz-maps.com/item/PQ1pxgGy1k,ケアソフト株式会社,https://caresoft.jp/,-,-,"基本情報
住所 〒 150-0021
東京都渋谷区恵比寿西2丁目8番4号EX恵比寿西ビル5階
設立年度 2024/7
資本金等 -
代表者 持田岳夫
URL https://caresoft.jp/
お問い合わせURL
AIスコア
売上
-
従業員数
-
経営者の年齢
事業所数
店舗数
工場数
決算月"
https://biz-maps.com/item/5XY4xp36YE,株式会社Ｕｗａｂｕｒｅ　Ｔｅｃｈｎｏｌｏｇｙ,https://uwabure.tech/,-,-,"基本情報
住所 東京都渋谷区渋谷2丁目19-15宮益坂ビルディング609
設立年度 2024/7
資本金等 -
代表者 -
URL https://uwabure.tech/
お問い合わせURL
AIスコア
売上
-
従業員数
-
経営者の年齢
事業所数
店舗数
工場数
決算月"
https://biz-maps.com/item/kVZEjoKaYE,株式会社ＡｎｉＴｏｎｅ,https://ani-tone.com/,-,-,"基本情報
住所 〒 108-0073
東京都渋谷区渋谷2-21-1 F17
設立年度 2024/7
創業年度 2024/7/24
資本金等 10,000,000円
代表者 中村剛之
URL https://ani-tone.com/
お問い合わせURL
AIスコア
売上
-
従業員数
-
経営者の年齢
事業所数
店舗数
工場数
決算月"
https://biz-maps.com/item/jVYqomgKlJ,ＴＡＫＩＢＩ株式会社,https://www.takibi-studio.com/,-,-,"基本情報
住所 〒 130-0003
東京都墨田区横川4丁目1番20号ケンコーポ1F-A
設立年度 2024/7
資本金等 5,000,000円
代表者 羅昊
URL https://www.takibi-studio.com/
お問い合わせURL
AIスコア
売上
-
従業員数
-
経営者の年齢
事業所数
店舗数
工場数
決算月"
https://biz-maps.com/item/0W1wRwB5YB,Ｅｎｇｌｉｓｈ－２１,https://english-21.com/,-,-,"基本情報
住所 〒 124-0022
東京都葛飾区奥戸8丁目9番3-101号ハウスピープル
設立年度 2024/7
資本金等 -
代表者 松田歩
URL https://english-21.com/
お問い合わせURL
AIスコア
売上
-
従業員数
-
経営者の年齢
事業所数
店舗数
工場数
決算月"
https://biz-maps.com/item/9oZ3X4WEYq,株式会社Ｇｒａｖｅｌ,https://www.fuwafuwausagi.com/,-,-,"基本情報
住所 〒 108-0075
東京都港区港南4丁目6-3-3501
設立年度 2024/7
資本金等 -
代表者 加瀬達馬
URL https://www.fuwafuwausagi.com/
お問い合わせURL
AIスコア
売上
-
従業員数
-
経営者の年齢
事業所数
店舗数
工場数
決算月"
https://biz-maps.com/item/85lWgjpVlg,株式会社ＭＥＣ,https://www.mectokyo.com/,-,-,"基本情報
住所 〒 104-0061
東京都中央区銀座1丁目12番4号N&EBLD.6階
設立年度 2024/7
創業年度 2024/7
資本金等 10,000,000円
代表者 浜幸寛
URL https://www.mectokyo.com/
お問い合わせURL
AIスコア
売上
-
従業員数
-
経営者の年齢
事業所数
店舗数
工場数
決算月"
https://biz-maps.com/item/emldoOpQ1L,ＢＢドライビングフォース株式会社,https://www.bb-drivingforce.com/,-,-,"基本情報
住所 〒 104-0061
東京都中央区銀座1丁目12番4号N&E-BLD.6F
設立年度 2024/7
創業年度 2024/7
資本金等 -
代表者 藤本英樹
URL https://www.bb-drivingforce.com/
お問い合わせURL
AIスコア
売上
-
従業員数
-
経営者の年齢
事業所数
店舗数
工場数
決算月"
https://biz-maps.com/item/L4loXGKDZv,ＧＬＯＢＡＬ　ＣＯＮＮＥＣＴ　ＨＥＡＲＴＳ株式会社,https://kp-machidamorino.com/,-,-,"基本情報
住所 東京都町田市小川4丁目2番地10
設立年度 2024/7
創業年度 2024/7/23
資本金等 -
代表者 小鈴淳子
URL https://kp-machidamorino.com/
お問い合わせURL
AIスコア
売上
-
従業員数
-
経営者の年齢
事業所数
店舗数
工場数
決算月"
https://biz-maps.com/item/RDZa0ep4lA,Ｃｒｏｓｓ－Ｂｏｒｄｅｒ　Ｃｏｎｎｅｃｔ株式会社,https://cross-border-connect.jp/,-,-,"基本情報
住所 〒 171-0044
東京都豊島区千早1丁目15-12
設立年度 2024/7
創業年度 2024/7
資本金等 1,000,000円
代表者 岡山智
URL https://cross-border-connect.jp/
お問い合わせURL
AIスコア
売上
-
従業員数
-
経営者の年齢
事業所数
店舗数
工場数
決算月"
https://biz-maps.com/item/XyYKOg5jYg,一般社団法人次世代政策デザイン研究所,https://policyforall.net/,-,-,"基本情報
住所 〒 171-0022
東京都豊島区南池袋1丁目16番20号ぬかりやビル6階
設立年度 2024/7
資本金等 -
代表者 三ツ石將嗣
URL https://policyforall.net/
お問い合わせURL
AIスコア
売上
-
従業員数
-
経営者の年齢
事業所数
店舗数
工場数
決算月"
https://biz-maps.com/item/0mlz30v9ZO,ＨＫ株式会社,https://my-hk.jp/,-,-,"基本情報
住所 〒 170-6075
東京都豊島区東池袋3-1-1 サンシャイン60 45階
設立年度 2024/7
創業年度 2024/7/19
資本金等 -
代表者 堀内由美子
URL https://my-hk.jp/
お問い合わせURL
AIスコア
売上
-
従業員数
-
経営者の年齢
事業所数
店舗数
工場数
決算月"
https://biz-maps.com/item/qKYMQRGdYg,童慧株式会社,http://www.tonghuieducation.com/,-,-,"基本情報
住所 東京都豊島区池袋本町2丁目32番3号-A105
設立年度 2024/7
創業年度 2024/7/19
資本金等 -
代表者 -
URL http://www.tonghuieducation.com/
お問い合わせURL
AIスコア
売上
-
従業員数
-
経営者の年齢
事業所数
店舗数
工場数
決算月"
https://biz-maps.com/item/mJY27j0B1M,一般社団法人日本マルタ友好協会,http://japan-malta.com/,-,-,"基本情報
住所 〒 156-0041
東京都世田谷区大原1-16-16-207 日本政治総合研究所内
設立年度 2024/7
資本金等 -
代表者 白鳥令
URL http://japan-malta.com/
お問い合わせURL
AIスコア
売上
-
従業員数
-
経営者の年齢
事業所数
店舗数
工場数
決算月"
https://biz-maps.com/item/WQ18Gr0gY7,合同会社Ｅ‐ＮＡＶＩ,http://e-navi.co.jp/,-,-,"基本情報
住所 〒 160-0023
東京都新宿区西新宿3丁目3番13号西新宿水間ビル2F
設立年度 2024/7
創業年度 2024/7
資本金等 -
代表者 栗原健太
URL http://e-navi.co.jp/
お問い合わせURL
AIスコア
売上
-
従業員数
-
経営者の年齢
事業所数
店舗数
工場数
決算月"
https://biz-maps.com/item/3eYP73RkZE,株式会社ｈｉｓｔｏｉｒｅ,https://histoire.space/,-,-,"基本情報
住所 〒 160-0021
東京都新宿区歌舞伎町1丁目12 タテハナビル2F
設立年度 2024/7
資本金等 -
代表者 -
URL https://histoire.space/
お問い合わせURL
AIスコア
売上
-
従業員数
-
経営者の年齢
事業所数
店舗数
工場数
決算月"
https://biz-maps.com/item/v91JVGkm1K,株式会社Ｔｏｎｅ　Ｂａｓｅ,https://www.tonebasejp.com/,-,-,"基本情報
住所 〒 153-0043
東京都目黒区東山3丁目1-19メゾン池尻大橋403
設立年度 2024/7
創業年度 2024/7
資本金等 -
代表者 鶴林嵩己
URL https://www.tonebasejp.com/
お問い合わせURL
AIスコア
売上
-
従業員数
-
経営者の年齢
事業所数
店舗数
工場数
決算月"
https://biz-maps.com/item/3bZ9g90J15,グローバルオアシス株式会社,https://globaloasis.jp/,-,-,"基本情報
住所 〒 150-0044
東京都渋谷区円山町5番5号Navi渋谷V3階
設立年度 2024/7
創業年度 2024/7/17
資本金等 -
代表者 尾﨑暁
URL https://globaloasis.jp/
お問い合わせURL
AIスコア
売上
-
従業員数
-
経営者の年齢
事業所数
店舗数
工場数
決算月"
https://biz-maps.com/item/kDZr5RvnlG,株式会社ＬＩＦＲＥＥ,https://lifree-corp.studio.site/,-,-,"基本情報
住所 〒 150-0043
東京都渋谷区道玄坂1丁目10番8号渋谷道玄坂東急ビル2F-C
設立年度 2024/7
創業年度 2024/7
資本金等 3,000,000円
代表者 木口雄策
URL https://lifree-corp.studio.site/
お問い合わせURL
AIスコア
売上
-
従業員数
-
経営者の年齢
事業所数
店舗数
工場数
決算月"
https://biz-maps.com/item/gm1yWv8bZo,株式会社デザインノード,https://design-node.co.jp/,-,-,"基本情報
住所 〒 150-0021
東京都渋谷区恵比寿西1丁目33番6号1F
設立年度 2024/7
創業年度 2024/7/17
資本金等 5,000,000円
代表者 川越卓郎
URL https://design-node.co.jp/
お問い合わせURL
AIスコア
売上
-
従業員数
-
経営者の年齢
事業所数
店舗数
工場数
決算月"
https://biz-maps.com/item/jg1656owY9,株式会社ｌｅｅｗａｙ,http://leeway24.com/,-,-,"基本情報
住所 〒 150-0002
東京都渋谷区渋谷2丁目19-15宮益坂ビルディング609
設立年度 2024/7
資本金等 -
代表者 小嶋祐太
URL http://leeway24.com/
お問い合わせURL
AIスコア
売上
-
従業員数
-
経営者の年齢
事業所数
店舗数
工場数
決算月"
https://biz-maps.com/item/3MYn7Amg17,株式会社日本ＡＩ総合研究所,https://japan-ai.net/,-,-,"基本情報
住所 〒 150-6139
東京都渋谷区渋谷2-24-12 渋谷スクランブルスクエア39F
設立年度 2024/7
資本金等 -
代表者 勇内政和
URL https://japan-ai.net/
お問い合わせURL
AIスコア
売上
-
従業員数
-
経営者の年齢
事業所数
店舗数
工場数
決算月"
https://biz-maps.com/item/PQ1pxgd01k,株式会社キャラの場,https://www.charanova.com/,-,-,"基本情報
住所 東京都大田区上池台1-7-16-314
設立年度 2024/7
創業年度 2024/8
資本金等 2,000,000円
代表者 太田努
URL https://www.charanova.com/
お問い合わせURL
AIスコア
売上
-
従業員数
-
経営者の年齢
事業所数
店舗数
工場数
決算月"
https://biz-maps.com/item/5XY4xpoOYE,株式会社トラス設備,https://torasusetsubi.jp/,-,-,"基本情報
住所 東京都大田区西蒲田 1丁目15-10 伊奈ビル2F
設立年度 2024/7
資本金等 -
代表者 中山真一
URL https://torasusetsubi.jp/
お問い合わせURL
AIスコア
売上
-
従業員数
-
経営者の年齢
事業所数
店舗数
工場数
決算月"
https://biz-maps.com/item/vx1jLX5pZG,オフビート合同会社,https://off-beat-inc.co.jp/,-,-,"基本情報
住所 〒 170-0014
東京都豊島区池袋4-26-7 ライヴス池袋402号
設立年度 2024/7
創業年度 2024/7/24
資本金等 1,000,000円
代表者 中村元紀
URL https://off-beat-inc.co.jp/
お問い合わせURL
AIスコア
売上
-
従業員数
-
経営者の年齢
事業所数
店舗数
工場数
決算月"
https://biz-maps.com/item/kVZEjo4gYE,ＮＰＯ法人日本へら鮒釣研究会,http://www.nikken-web.net/,-,-,"基本情報
住所 〒 135-0004
東京都江東区森下1丁目18番7号日修ビル2階
設立年度 2024/7
創業年度 1950/6/15
資本金等 -
代表者 遠藤克己
URL http://www.nikken-web.net/
お問い合わせURL
AIスコア
売上
-
従業員数
-
経営者の年齢
事業所数
店舗数
工場数
決算月"
https://biz-maps.com/item/yP10b0G0ZM,一般社団法人ワイン・オブ・モルドバ・ジャパン,https://womj.org/,-,-,"基本情報
住所 東京都墨田区押上1丁目33番3号
設立年度 2024/7
創業年度 2024
資本金等 -
代表者 遠藤エレナ
URL https://womj.org/
お問い合わせURL
AIスコア
売上
-
従業員数
-
経営者の年齢
事業所数
店舗数
工場数
決算月"
https://biz-maps.com/item/jVYqomW9lJ,ＯｐｔｉｍＡＩｚｅ　Ｃｏｎｓｕｌｔｉｎｇ株式会社,https://optimaize-consulting.com/,-,-,"基本情報
住所 〒 106-0032
東京都港区六本木4丁目3番11号六本木ユニハウス223
設立年度 2024/7
創業年度 2024/7/23
資本金等 -
代表者 関戸隆
URL https://optimaize-consulting.com/
お問い合わせURL
AIスコア
売上
-
従業員数
-
経営者の年齢
事業所数
店舗数
工場数
決算月"
https://biz-maps.com/item/0W1wRwJ6YB,セイキョウホールディングス株式会社,https://www.seikyohd.com/,-,-,"基本情報
住所 〒 104-0061
東京都中央区銀座7丁目17番5号銀座永谷タウンプラザ304
設立年度 2024/7
創業年度 2024/7/17
資本金等 1,000,000円
代表者 鈴木孝昌
URL https://www.seikyohd.com/
お問い合わせURL
AIスコア
売上
-
従業員数
-
経営者の年齢
事業所数
店舗数
工場数
決算月"
https://biz-maps.com/item/B2ZBvbJGZV,Ｍｅｄｉｃａｌ　Ｆ２Ｆ株式会社,https://medicalf2f.com/,-,-,"基本情報
住所 〒 104-0033
東京都中央区新川1丁目2-12金山ビル8F
設立年度 2024/7
創業年度 2024/7/29
資本金等 1,000,000円
代表者 久松ひろみ
URL https://medicalf2f.com/
お問い合わせURL
AIスコア
売上
-
従業員数
-
経営者の年齢
事業所数
店舗数
工場数
決算月"
https://biz-maps.com/item/9oZ3X4RbYq,株式会社モリートハウジング,https://leasebackconsulting.jp/,-,-,"基本情報
住所 〒 103-0027
東京都中央区日本橋2-10-3 エグゼドゥール日本橋202
設立年度 2024/7
資本金等 -
代表者 森寛之
URL https://leasebackconsulting.jp/
お問い合わせURL
AIスコア
売上
-
従業員数
-
経営者の年齢
事業所数
店舗数
工場数
決算月"
https://biz-maps.com/item/85lWgjAblg,株式会社ｓｔｕｄｉｏ　ＡＳＡＶＩ,https://studio-asavi.com/wp/,-,-,"基本情報
住所 東京都中央区日本橋室町1丁目11番12号日本橋水野ビル7階
設立年度 2024/7
創業年度 2024/7
資本金等 -
代表者 久野麻人
URL https://studio-asavi.com/wp/
お問い合わせURL
AIスコア
売上
-
従業員数
-
経営者の年齢
事業所数
店舗数
工場数
決算月"
https://biz-maps.com/item/emldoObo1L,ミライジング株式会社,http://www.merising.co.jp/index.html,-,-,"基本情報
住所 〒 103-0005
東京都中央区日本橋久松町9-12 和円ビル6F
設立年度 2024/7
創業年度 2024/7/26
資本金等 5,000,000円
代表者 西田大作
URL http://www.merising.co.jp/index.html
お問い合わせURL
AIスコア
売上
-
従業員数
-
経営者の年齢
事業所数
店舗数
工場数
決算月"
https://biz-maps.com/item/bkZRxw7j1B,フリーア合同会社,https://fria.jp/index.html,-,-,"基本情報
住所 〒 103-0004
東京都中央区東日本橋2丁目28番4号日本橋CETビル2階
設立年度 2024/7
創業年度 2024/7/23
資本金等 2,200,000円
代表者 -
URL https://fria.jp/index.html
お問い合わせURL
AIスコア
売上
-
従業員数
-
経営者の年齢
事業所数
店舗数
工場数
決算月"
https://biz-maps.com/item/jg1656RwY9,染め屋ひよこまめ合同会社,https://mame-tex.com/,-,-,"基本情報
住所 〒 182-0001
東京都調布市緑ケ丘2丁目27-1藤和仙川コープ205
設立年度 2024/7
資本金等 -
代表者 -
URL https://mame-tex.com/
お問い合わせURL
AIスコア
売上
-
従業員数
-
経営者の年齢
事業所数
店舗数
工場数
決算月"
https://biz-maps.com/item/3MYn7A3g17,ａｎｄ　ｎｏｗ合同会社,https://andnow.crayonsite.com/,-,-,"基本情報
住所 東京都武蔵野市吉祥寺南町5丁目6番25号1F
設立年度 2024/7
資本金等 -
代表者 -
URL https://andnow.crayonsite.com/
お問い合わせURL
AIスコア
売上
-
従業員数
-
経営者の年齢
事業所数
店舗数
工場数
決算月"
https://biz-maps.com/item/PQ1pxgK01k,Ｂａｒ　Ｇａｔｅ　Ｍｏｕｓｅ,https://www.gatemouse.com/,-,-,"基本情報
住所 〒 170-0013
東京都豊島区東池袋1丁目39-6 池袋第3KUビル B1
設立年度 2024/7
資本金等 -
代表者 -
URL https://www.gatemouse.com/
お問い合わせURL
AIスコア
売上
-
従業員数
-
経営者の年齢
事業所数
店舗数
工場数
決算月"
https://biz-maps.com/item/5XY4xpgOYE,合同会社ＫＡＫＯＭＯ,https://kakomo.net/,-,-,"基本情報
住所 〒 157-0063
東京都世田谷区粕谷2丁目2番1-121号
設立年度 2024/7
資本金等 -
代表者 -
URL https://kakomo.net/
お問い合わせURL
AIスコア
売上
-
従業員数
-
経営者の年齢
事業所数
店舗数
工場数
決算月"
https://biz-maps.com/item/vx1jLX3pZG,一般社団法人新玄会ミライメディカルクリニック,https://mirai-medical.clinic/,-,-,"基本情報
住所 〒 154-0004
東京都世田谷区太子堂2丁目12番2号T-one世田谷ビル5階
設立年度 2024/7
資本金等 -
代表者 藤﨑敬太
URL https://mirai-medical.clinic/
お問い合わせURL
AIスコア
売上
-
従業員数
-
経営者の年齢
事業所数
店舗数
工場数
決算月"
https://biz-maps.com/item/kVZEjoAgYE,株式会社ＴＯＹｓ,https://toys-inc.co.jp/,-,-,"基本情報
住所 〒 150-0043
東京都渋谷区道玄坂1丁目10番8号渋谷道玄坂東急ビル2F-C
設立年度 2024/7
創業年度 2024/7
資本金等 3,000,000円
代表者 廣田　真
URL https://toys-inc.co.jp/
お問い合わせURL
AIスコア
売上
-
従業員数
-
経営者の年齢
事業所数
店舗数
工場数
決算月"
https://biz-maps.com/item/yP10b0k0ZM,合同会社ＡＫＣ,https://akcsatellite.com/,-,-,"基本情報
住所 〒 150-0021
東京都渋谷区恵比寿西二丁目8番4号 EX恵比寿西ビル5階
設立年度 2024/7
創業年度 2024/6/28
資本金等 9,000,000円
代表者 須藤 俊也
URL https://akcsatellite.com/
お問い合わせURL
AIスコア
売上
-
従業員数
-
経営者の年齢
事業所数
店舗数
工場数
決算月"
https://biz-maps.com/item/B2lvmozr1V,株式会社岩崎興業,https://www.iwasakikogyo.co.jp/,-,-,"基本情報
住所 〒 133-0061
東京都江戸川区篠崎町6-17-12
設立年度 2024/7
創業年度 2012/9/19
資本金等 3,000,000円
代表者 岩崎 裕馬
URL https://www.iwasakikogyo.co.jp/
お問い合わせURL
AIスコア
売上
-
従業員数
-
経営者の年齢
事業所数
店舗数
工場数
決算月"
https://biz-maps.com/item/0W1wRwp6YB,株式会社ＳＵＥＨＩＲＯ　ＴＲＡＤＩＮＧ,https://suehirotrd.com/,-,-,"基本情報
住所 〒 111-0032
東京都台東区浅草1丁目13番地5井門浅草すしや通りビルC63
設立年度 2024/7
創業年度 2024/7/22
資本金等 500,000円
代表者 -
URL https://suehirotrd.com/
お問い合わせURL
AIスコア
売上
-
従業員数
-
経営者の年齢
事業所数
店舗数
工場数
決算月"
https://biz-maps.com/item/B2ZBvbxGZV,株式会社ファスディ,https://www.unaya.jp/,-,-,"基本情報
住所 東京都荒川区町屋3-21-9
設立年度 2024/7
資本金等 -
代表者 -
URL https://www.unaya.jp/
お問い合わせURL
AIスコア
売上
-
従業員数
-
経営者の年齢
事業所数
店舗数
工場数
決算月"
https://biz-maps.com/item/9oZ3X4GbYq,株式会社自己肯定感,https://jikokouteikan.co.jp/,-,-,"基本情報
住所 〒 107-0062
東京都港区南青山3丁目1番36号青山丸竹ビル6F
設立年度 2024/7
資本金等 1,000,000円
代表者 内田 琴美
URL https://jikokouteikan.co.jp/
お問い合わせURL
AIスコア
売上
-
従業員数
-
経営者の年齢
事業所数
店舗数
工場数
決算月"
https://biz-maps.com/item/emldoO3o1L,弁護士法人ＭＬＰ法律特許事務所,https://www.murashita-lawpatent.com/,-,-,"基本情報
住所 〒 104-0031
東京都中央区京橋3丁目9番6号GM-3ビル3階
設立年度 2024/7
創業年度 2024
資本金等 -
代表者 村下 憲司
URL https://www.murashita-lawpatent.com/
お問い合わせURL
AIスコア
売上
-
従業員数
-
経営者の年齢
事業所数
店舗数
工場数
決算月"
https://biz-maps.com/item/bkZRxwNj1B,株式会社ｏｎａｋａｒａ,https://onakara.com/,-,-,"基本情報
住所 〒 101-0064
東京都千代田区神田猿楽町2丁目8-11VORT水道橋III
設立年度 2024/7
創業年度 2024/7/19
資本金等 -
代表者 甲田 大介
URL https://onakara.com/
お問い合わせURL
AIスコア
売上
-
従業員数
-
経営者の年齢
事業所数
店舗数
工場数
決算月"
https://biz-maps.com/item/kDZr5RbPlG,合同会社ＴｕｂｅｌｅｓｓＷｏｒｋｓ,https://www.tubeless.co.jp/,-,-,"基本情報
住所 〒 171-0031
東京都豊島区目白5丁目3番9-308号
設立年度 2024/7
創業年度 2024/7
資本金等 -
代表者 角田 一広
URL https://www.tubeless.co.jp/
お問い合わせURL
AIスコア
売上
-
従業員数
-
経営者の年齢
事業所数
店舗数
工場数
決算月"
https://biz-maps.com/item/gm1yWvA5Zo,合同会社ＯｕｔｅｒＢｒａｉｎ,https://outerbrain.co.jp/,-,-,"基本情報
住所 〒 165-0026
東京都中野区新井1丁目14-17チョコラータ中野401
設立年度 2024/7
資本金等 -
代表者 林裕人
URL https://outerbrain.co.jp/
お問い合わせURL
AIスコア
売上
-
従業員数
-
経営者の年齢
事業所数
店舗数
工場数
決算月"
https://biz-maps.com/item/3MYn7AV717,合同会社ヨビゴエ,https://info-yobigoe.com/,-,-,"基本情報
住所 〒 160-0023
東京都新宿区西新宿3丁目3番13号西新宿水間ビル6F
設立年度 2024/7
創業年度 2024/7/12
資本金等 -
代表者 中舘早紀
URL https://info-yobigoe.com/
お問い合わせURL
AIスコア
売上
-
従業員数
-
経営者の年齢
事業所数
店舗数
工場数
決算月"
https://biz-maps.com/item/PQ1pxgL41k,株式会社ｋａｈａｚｕ,https://kahazu.co.jp/,-,-,"基本情報
住所 〒 160-0022
東京都新宿区新宿2丁目12番13号新宿アントレサロンビル2階
設立年度 2024/7
創業年度 2024/7
資本金等 1,000,000円
代表者 -
URL https://kahazu.co.jp/
お問い合わせURL
AIスコア
売上
-
従業員数
-
経営者の年齢
事業所数
店舗数
工場数
決算月"
https://biz-maps.com/item/5XY4xpmXYE,株式会社ＳＥ‐ＷＯＲＫＳ,https://se-works.jp/,-,-,"基本情報
住所 〒 160-0022
東京都新宿区新宿2丁目16番8号
設立年度 2024/7
資本金等 -
代表者 小池芳之
URL https://se-works.jp/
お問い合わせURL
AIスコア
売上
-
従業員数
-
経営者の年齢
事業所数
店舗数
工場数
決算月"
https://biz-maps.com/item/vx1jLXm2ZG,株式会社太興,https://taikyocosme.mods.jp/,-,-,"基本情報
住所 東京都新宿区新宿2丁目1番地7号サンパレス藤川ビル402
設立年度 2024/7
創業年度 2024/7
資本金等 5,000,000円
代表者 石川亮太
URL https://taikyocosme.mods.jp/
お問い合わせURL
AIスコア
売上
-
従業員数
-
経営者の年齢
事業所数
店舗数
工場数
決算月"
https://biz-maps.com/item/kVZEjoPwYE,Ｃｈａｐｏｓ株式会社,https://fortuneneige.com/,-,-,"基本情報
住所 〒 157-0062
東京都世田谷区南烏山 3-1-12 NKビル3階
設立年度 2024/7
資本金等 -
代表者 -
URL https://fortuneneige.com/
お問い合わせURL
AIスコア
売上
-
従業員数
-
経営者の年齢
事業所数
店舗数
工場数
決算月"
https://biz-maps.com/item/yP10b05nZM,ＳＯＤＡ　Ｃｏｎｓｕｌｔｉｎｇ株式会社,https://www.sodaconsulting.co.jp/,-,-,"基本情報
住所 東京都世田谷区代田2丁目7番17号
設立年度 2024/7
創業年度 2024/7/8
資本金等 1,000,000円
代表者 橋本 拓也
URL https://www.sodaconsulting.co.jp/
お問い合わせURL
AIスコア
売上
-
従業員数
-
経営者の年齢
事業所数
店舗数
工場数
決算月"
https://biz-maps.com/item/jVYqomQAlJ,Ｂｒｅｍｅｎ　ｃｏｎｓｕｌｔｉｎｇ株式会社,https://hikarimarriage.org/,-,-,"基本情報
住所 〒 150-0043
東京都渋谷区道玄坂1丁目10番8号渋谷道玄坂東急ビル2F-C
設立年度 2024/7
創業年度 2017/12
資本金等 -
代表者 眞野 裕代
URL https://hikarimarriage.org/
お問い合わせURL
AIスコア
売上
-
従業員数
-
経営者の年齢
事業所数
店舗数
工場数
決算月"
https://biz-maps.com/item/0W1wRwkBYB,黎明株式会社,https://reimei-inc.co.jp/,-,-,"基本情報
住所 〒 150-0013
東京都渋谷区恵比寿1丁目15-9日宝恵比寿ビル403
設立年度 2024/7
創業年度 2024/7
資本金等 -
代表者 木村 仁星
URL https://reimei-inc.co.jp/
お問い合わせURL
AIスコア
売上
-
従業員数
-
経営者の年齢
事業所数
店舗数
工場数
決算月"
https://biz-maps.com/item/B2ZBvbKoZV,合同会社朧,https://oboro-media.co.jp/,-,-,"基本情報
住所 〒 150-0002
東京都渋谷区渋谷2丁目19番15号宮益坂ビルディング609
設立年度 2024/7
創業年度 2024/7/17
資本金等 -
代表者 関口惟
URL https://oboro-media.co.jp/
お問い合わせURL
AIスコア
売上
-
従業員数
-
経営者の年齢
事業所数
店舗数
工場数
決算月"
https://biz-maps.com/item/9oZ3X4gRYq,一般社団法人空港グランドハンドリング協会,https://agha.jp/,-,-,"基本情報
住所 東京都大田区羽田空港3丁目3番2号
設立年度 2024/7
創業年度 2023/8/25
資本金等 -
代表者 服部 茂
URL https://agha.jp/
お問い合わせURL
AIスコア
売上
-
従業員数
-
経営者の年齢
事業所数
店舗数
工場数
決算月"
https://biz-maps.com/item/85lWgjn5lg,株式会社ビズル,https://bzr.co.jp/,-,-,"基本情報
住所 東京都江東区亀戸3丁目10番17号
設立年度 2024/7
創業年度 2024/7/17
資本金等 -
代表者 -
URL https://bzr.co.jp/
お問い合わせURL
AIスコア
売上
-
従業員数
-
経営者の年齢
事業所数
店舗数
工場数
決算月"
https://biz-maps.com/item/KL1mN5Dply,株式会社ＲａＦ　ＡＩＴ　Ａｇｅｎｃｙ,https://raf-ait-agency.com/,-,-,"基本情報
住所 〒 107-0062
東京都港区南青山3丁目1番36号青山丸竹ビル6階
設立年度 2024/7
資本金等 -
代表者 菅谷優生
URL https://raf-ait-agency.com/
お問い合わせURL
AIスコア
売上
-
従業員数
-
経営者の年齢
事業所数
店舗数
工場数
決算月"
https://biz-maps.com/item/O2lgDbA5Zn,株式会社ＫＡＮＡ‐Ｌ　ＡＧＥＮＴ,https://kana-lagent.com/,-,-,"基本情報
住所 〒 107-0052
東京都港区赤坂6丁目9番17号赤坂メープルヒル4階
設立年度 2024/7
資本金等 10,000,000円
代表者 才津博明
URL https://kana-lagent.com/
お問い合わせURL
AIスコア
売上
-
従業員数
-
経営者の年齢
事業所数
店舗数
工場数
決算月"
https://biz-maps.com/item/XJ1Gpk3XlQ,株式会社知的創造サイクルラボ,https://www.iccl.tokyo/,-,-,"基本情報
住所 東京都港区元赤坂1丁目2番7号
設立年度 2024/7
創業年度 2024/7/22
資本金等 10,000,000円
代表者 小川—
URL https://www.iccl.tokyo/
お問い合わせURL
AIスコア
売上
-
従業員数
-
経営者の年齢
事業所数
店舗数
工場数
決算月"
https://biz-maps.com/item/bdlAqQyElv,Ｓｔｒｉｄｅｒ　Ｔｅｃｈｎｏｌｏｇｉｅｓ，　Ｉｎｃ．,https://www.striderintel.com/,-,-,"基本情報
住所 東京都港区元麻布3丁目1番6号
設立年度 2024/7
創業年度 2019
資本金等 -
代表者 GregLevesque
URL https://www.striderintel.com/
お問い合わせURL
AIスコア
売上
-
従業員数
-
経営者の年齢
事業所数
店舗数
工場数
決算月"
https://biz-maps.com/item/qJ15knRvZP,株式会社ＴＶｅｒ　ＤＡＴＡ　ＭＡＲＫＥＴＩＮＧ,https://tver-data.co.jp/,-,-,"基本情報
住所 〒 105-0001
東京都港区虎ノ門1-10-5 KDX虎ノ門一丁目ビル 5F
設立年度 2024/7
創業年度 2024/7/1
資本金等 400,000,000円
代表者 瓜生健
URL https://tver-data.co.jp/
お問い合わせURL
AIスコア
売上
-
従業員数
-
経営者の年齢
事業所数
店舗数
工場数
決算月"
https://biz-maps.com/item/WBlxdq5Wl8,株式会社アクセントエース,https://accentace.co.jp/,-,-,"基本情報
住所 〒 104-0061
東京都中央区銀座7丁目13番20号銀座THビル9階
設立年度 2024/7
創業年度 2024/7/17
資本金等 -
代表者 -
URL https://accentace.co.jp/
お問い合わせURL
AIスコア
売上
-
従業員数
-
経営者の年齢
事業所数
店舗数
工場数
決算月"
