URL,会社名,会社URL,売上,従業員数,会社情報,会社事業内容,ホームページリンク
https://townwork.net/viewjob/jobid_6bfcae05e99b44e6/?jbRsltTrackingKey=5-nrt1-0-1igoc7e39h10j800-6bfcae05e99b44e6--SoA66_M33YQSYWSIIJ0DbzkdCdPP,株式会社REIGETSU,,,,,生活関連サービス,https://reigetsu.co.jp/
https://townwork.net/detail/clc_2898122007/joid_Y00MEAEH/?opf=A&jbRsltTrackingKey=5-nrt1-0-1igoc7e39h10j800-PPPY00MEAEH0001,株式会社ヒューマン・ライジン　横浜オフィス,,,,,派遣・請負業/派13-304283,https://h-raizin.com/
https://townwork.net/detail/clc_1876169009/joid_Y00ME6E2/?opf=PR1&jbRsltTrackingKey=5-nrt1-0-1igoc7e39h10j800-PPPY00ME6E20001,ビーウィズ株式会社/ＡＢＱＲ23657,,,,,コールセンター・ＢＰＯ事業,https://www.bewith.net/oshigoto-mart/
https://townwork.net/viewjob/jobid_9fb6a95d05f6a324/?jbRsltTrackingKey=5-nrt1-0-1igoc7e39h10j800-9fb6a95d05f6a324--SoAx6_M33YQSYWyIIJ0JbzkdCdPP,株式会社東京海上日動キャリアサービス,,,,,人材派遣・職業紹介,
https://townwork.net/viewjob/jobid_b9d7cffc77c54bb5/?jbRsltTrackingKey=5-nrt1-0-1igoc7e39h10j800-b9d7cffc77c54bb5--SoCH6_M33YQSYRSIIJ0JbzkdCdPP,公益財団法人河野臨牀医学研究所,,,,,病院・診療所,
https://townwork.net/detail/clc_3416879008/?jbRsltTrackingKey=5-nrt1-0-1igoc7e39h10j800-PPPZ01977270001,株式会社TOKIUM,,,,,IT・コンピュータ関連業,N/A
https://townwork.net/viewjob/jobid_d68bb57e15a3c478/?jbRsltTrackingKey=5-nrt1-0-1igoc7e39h10j800-d68bb57e15a3c478--SoDC6_M33YQSYRyIIJ0JbzkdCdPP,公益財団法人河野臨牀医学研究所,,,,,病院・診療所,
https://townwork.net/viewjob/jobid_11d89f7bff7d58b0/?jbRsltTrackingKey=5-nrt1-0-1igoc7e39h10j800-11d89f7bff7d58b0--SoDR6_M33YQSYRyIIJ0NbzkdCdPP,日建管財株式会社,,,,,官公庁,
https://townwork.net/detail/clc_4051941001/?jbRsltTrackingKey=5-nrt1-0-1igoc7e39h10j800-PPPZ01977300001,株式会社A-urora,,,,,"【オーロラについて】
平均年齢は24.5歳！年功序列関係なし！
基本はわいわい♪やる時やる！メリハリ大事！
社長も現場で一緒に仕事を楽しんでます^^

今まで接客・飲食の仕事で褒められた経験のある方
声優や俳優の仕事をしているが収入源が少なく困っている方！
人と接することが好きでパソコン作業に慣れてみたい方！

全てコールセンターのお仕事で活かせます！

服装・髪色/髪型自由！
中にはタトゥー、ネイルをして時間の融通も効きやすく
働きやすさ重視のコールセンター！

《サービス内容》
生活インフラ、美容関係(健康食品/コスメ)の商品の
PRやサービスプロモーションのご案内をお願いします。


【社長からのメッセージ】
5年前、夢追って東京に出てきたけど、東京生活そんなに甘くない…。
当時バイトをたくさん掛け持ちしていた私。
毎日がバイトづけ、家と職場の往復…
憧れのキラキラ東京生活とは全然違う。。。

飲食.美容.と接客しかしたことない私が
”#初めてのオフィスワーク”

パソコンなんて使えない、敬語なんてわからない
そんな私でも一緒に働くメンバーが最高だったから♪
何をやるかではなく、誰とやるか！
『最高なメンバーを自分で創り上げたい！』
と思い立ち上げました！

～過去より未来をみる会社～
で是非一緒に成長しながら稼ぎましょうー♪

弊社では多くのクライアント様からの案件をいただいており、スキルや能力次第ではステップアップ式で任せていく案件が変わって行きますので、未経験の方でもキャリアアップできます！

また、弊社では充実した研修制度もあり、慣れてしっかりご案内ができるまではしっかり先輩スタッフがサポートしていきますので安心して取り組んでいただけます！


《経歴不問！異業種から活躍中》
カフェ、 コンビニ、 役者、芸能、ホテル、英語教師、ガールズバー、ナイトワーク、警備、介護、パチンコ、工場勤務、とび職、ホールスタッフ、データ入力、企画営業、 モニター、内職、カラオケ、受付、事務、清掃、接客、在宅、ライター、新聞配達、フォークリフト、ドライバー、夜勤、フリーター、ニート、派遣社員、アルバイト、WEB関係、音楽、深夜バイト、ワーホリ、社会経験０、公務員、元スポーツ選手など様々な人が活躍しています！

コールセンター・コールセンタースタッフ・テレアポ・テレフォンアポインター・テレフォンオペレーター等のアルバイト・パート経験がある方大歓迎！

＜多くの声をいただいています！＞
・未経験でも先輩方が丁寧に教えてくれて安心した！
・PC・敬語・コミュニケーションスキルがＵＰした！
・自信がもてるようになった！
・毎日仕事にいくのが楽しい！
・自身の成長がとても実感できてる！
・実力で稼げるようになった！

少しでも気になった方はお気軽に連絡してみてください♪
ご興味ある方、スタッフ一同お待ちしております。


※12/30～1/3　面接
12/31～1/2　電話・メッセージのやり取り
上記期間は、年末年始のお休みとなります。",N/A
https://townwork.net/viewjob/jobid_93ce45a17e262ee8/?jbRsltTrackingKey=5-nrt1-0-1igoc7e39h10j800-93ce45a17e262ee8--SoB26_M33YQSYQSIIJ0PbzkdCdPP,株式会社マイルストン,,,,,玩具・ホビー用品小売,https://www.mile-stone.jp/ja/
https://townwork.net/viewjob/jobid_ec2e67f03de2f17b/?jbRsltTrackingKey=5-nrt1-0-1igoc7e39h10j800-ec2e67f03de2f17b--SoAJ6_M33YQSYQyIIJ0JbzkdCdPP,株式会社日本入試センター,,,,,教育支援サービス,https://www.sapientica.com/
https://townwork.net/detail/clc_0232681021/?jbRsltTrackingKey=5-nrt1-0-1igoc7e39h10j800-PPPZ01977680001,株式会社レリアン,,,,,商社・小売・専門店,N/A
https://townwork.net/viewjob/jobid_bf8b6f0036e68edb/?jbRsltTrackingKey=5-nrt1-0-1igoc7e39h10j800-bf8b6f0036e68edb--SoAa6_M33YQSYQyIIJ0NbzkdCdPP,有信アクロス株式会社　東日本営業本部,,,,,総合商社・専門商社・卸売,
https://townwork.net/viewjob/jobid_4a5ec8b5077d44ff/?jbRsltTrackingKey=5-nrt1-0-1igoc7e39h10j800-4a5ec8b5077d44ff--SoBQ6_M33YQSYTSIIJ0JbzkdCdPP,株式会社Pearson Enterprises,,,,,教育・学校,
https://townwork.net/detail/clc_3919661007/joid_Y00MEBK9/?jbRsltTrackingKey=5-nrt1-0-1igoc7e39h10j800-PPPY00MEBK90001,エクスエージェント株式会社　東京オフィス,,,,,労働者派遣事業/派27-304593、請負業,https://ex-agent.jp/
https://townwork.net/viewjob/jobid_c946db0d0fd05479/?jbRsltTrackingKey=5-nrt1-0-1igoc7e39h10j800-c946db0d0fd05479--SoBD6_M33YQSYTSIIJ0NbzkdCdPP,社会保険労務士法人ローム,,,,,人事・人材サービス,
https://townwork.net/viewjob/jobid_4032352d73839315/?jbRsltTrackingKey=5-nrt1-0-1igoc7e39h10j800-4032352d73839315--SoAV6_M33YQSYTyIIJ0JbzkdCdPP,株式会社イーアシスト,,,,,通信・インターネット,
https://townwork.net/detail/clc_0208030169/joid_Y00ME7SA/?jbRsltTrackingKey=5-nrt1-0-1igoc7e39h10j800-PPPY00ME7SA0001,株式会社三越伊勢丹　＜2店舗合同募集＞,,,,,百貨店,https://www.imh-sol.co.jp/
https://townwork.net/viewjob/jobid_67b47a219ad5b925/?jbRsltTrackingKey=5-nrt1-0-1igoc7e39h10j800-67b47a219ad5b925--SoCb6_M33YQSYSSIIJ0JbzkdCdPP,株式会社ロフティー,,,,,人材派遣・職業紹介,https://lofty-ltd.co.jp/
https://townwork.net/viewjob/jobid_5e706f77cfd5d661/?jbRsltTrackingKey=5-nrt1-0-1igoc7e39h10j800-5e706f77cfd5d661--SoCI6_M33YQSYSSIIJ0NbzkdCdPP,株式会社イエロージャム,,,,,芸術・娯楽・レクリエーション,https://yellow-jam.com/
https://townwork.net/detail/clc_1870031018/joid_Y00ME9CF/?opf=C&jbRsltTrackingKey=5-nrt1-0-1igoc7e39h10j800-PPPY00ME9CF0001,ＳＢＩビジネス・イノベーター(株)/crisb2411g,,,,,業務請負業,https://bi-job.sbibi.co.jp/
https://townwork.net/viewjob/jobid_dbd6097c30d8f08e/?jbRsltTrackingKey=5-nrt1-0-1igoc7e39h10j800-dbd6097c30d8f08e--SoDf6_M33YQSYSyIIJ0qbzkdCdPP,マインズ株式会社,,,,,教育・学校,
https://townwork.net/viewjob/jobid_45e24feca1b23cb1/?jbRsltTrackingKey=5-nrt1-0-1igoc7e39h10j800-45e24feca1b23cb1--SoDe6_M33YQSYdSIIJ0LbzkdCdPP,株式会社ヒューレット,,,,,人事・人材サービス,
https://townwork.net/detail/clc_3669793004/joid_Y00MDKYH/?jbRsltTrackingKey=5-nrt1-0-1igoc7e39h10j800-PPPY00MDKYH0001,株式会社トロワ　★新宿コールセンター★,,,,,テレマーケティング,https://trois3.co.jp/
https://townwork.net/viewjob/jobid_6dbe563771936275/?jbRsltTrackingKey=5-nrt1-0-1igoc7e39h10j800-6dbe563771936275--SoDf6_M33YQSYdSIIJ0obzkdCdPP,株式会社日本パーソナルビジネス,,,,,人材派遣・職業紹介,
https://townwork.net/viewjob/jobid_b2fbdbc07dc7d936/?jbRsltTrackingKey=5-nrt1-0-1igoc7e39h10j800-b2fbdbc07dc7d936--SoDb6_M33YQSYdyIIJ0cbzkdCdPP,カルチュア・コンビニエンス・クラブ株式会社,,,,,小売・卸売・商社,https://www.ccc.co.jp/
https://townwork.net/detail/clc_0273355009/joid_Y00MDN5Y/?jbRsltTrackingKey=5-nrt1-0-1igoc7e39h10j800-PPPY00MDN5Y0001,Ｎike　都内エリア合同募集,,,,,ナイキジャパンの直営店,https://www.nike.com/jp/
https://townwork.net/viewjob/jobid_8fd3a30f5280b6ba/?jbRsltTrackingKey=5-nrt1-0-1igoc7e39h10j800-8fd3a30f5280b6ba--SoAV6_M33YQSYcSIIJ0LbzkdCdPP,スプラッシュトップ株式会社,,,,,通信・インターネット,
https://townwork.net/viewjob/jobid_a6420da0e137f97d/?jbRsltTrackingKey=5-nrt1-0-1igoc7e39h10j800-a6420da0e137f97d--SoDy6_M33YQSYcSIIJ0ZbzkdCdPP,株式会社日本パーソナルビジネス,,,,,人材派遣・職業紹介,
https://townwork.net/detail/clc_4072164005/?jbRsltTrackingKey=5-nrt1-0-1igoc7e39h10j800-PPPY00ME3880001,弁護士法人ＡdＩre法律事務所(立川支店),,,,,法律事務所,http://www.official.adire.jp/
https://townwork.net/viewjob/jobid_1c3795b43b2fbec6/?jbRsltTrackingKey=5-nrt1-0-1igoc7e39h10j800-1c3795b43b2fbec6--SoCD6_M33YQSYcyIIJ0CbzkdCdPP,株式会社GOOYA HRソリューション部　東京支社,,,,,人材派遣・職業紹介,https://www.gooya.co.jp/
https://townwork.net/viewjob/jobid_536c43f6d373f700/?jbRsltTrackingKey=5-nrt1-0-1igoc7e39h10j800-536c43f6d373f700--SoBC6_M33YQSYcyIIJ0sbzkdCdPP,株式会社北豊島園自動車学校,,,,,教育支援サービス,
https://townwork.net/detail/clc_1896681002/joid_Y00ME75J/?jbRsltTrackingKey=5-nrt1-0-1igoc7e39h10j800-PPPY00ME75J0001,(株)日本パーソナルビジネス　http://www.npb-net.com/,,,,,派遣業(派27-030205)・請負業,https://www.npb-net.com/
https://townwork.net/viewjob/jobid_6b3969f571ecf322/?jbRsltTrackingKey=5-nrt1-0-1igoc7e39h10j800-6b3969f571ecf322--SoAg6_M33YQSYfSIIJ0JbzkdCdPP,株式会社ソフトキャンパス,,,,,教育支援サービス,
https://townwork.net/viewjob/jobid_d940614e8b7b0674/?jbRsltTrackingKey=5-nrt1-0-1igoc7e39h10j800-d940614e8b7b0674--SoAz6_M33YQSYfSIIJ0NbzkdCdPP,公益財団法人日本郵趣協会,,,,,文化・教養・娯楽,https://yushu.or.jp/
https://townwork.net/detail/clc_1896681002/joid_Y00MCWR5/?jbRsltTrackingKey=5-nrt1-0-1igoc7e39h10j800-PPPY00MCWR50001,株式会社日本パーソナルビジネス　(派27-030205),,,,,派遣業,https://www.npb-net.com/index_0.html
https://townwork.net/viewjob/jobid_97fbe991069d9584/?jbRsltTrackingKey=5-nrt1-0-1igoc7e39h10j800-97fbe991069d9584--SoDR6_M33YQSYfyIIJ0IbzkdCdPP,株式会社KRL,,,,,人事コンサルティング,
https://townwork.net/viewjob/jobid_13dc3d5606f2ede7/?jbRsltTrackingKey=5-nrt1-0-1igoc7e39h10j800-13dc3d5606f2ede7--SoDr6_M33YQSYeSIIJ0JbzkdCdPP,公益財団法人東京都スポーツ文化事業団,,,,,官公庁・行政・警察,https://www.tef.or.jp/
https://townwork.net/detail/clc_1671115025/joid_Y00ME4E5/?opf=PR4&jbRsltTrackingKey=5-nrt1-0-1igoc7e39h10j800-PPPY00ME4E50001,アルティウスリンク株式会社/1241201700,,,,,請負業,https://www.j-meets.com/
https://townwork.net/detail/clc_2698123027/?opf=B&jbRsltTrackingKey=5-nrt1-0-1igoc7e39h10j800-PPPY00MDK7C0001,ルキナ東久留米　株式会社大丸プランニング,,,,,"女性専用ホットヨガ
＆コラーゲンスタジオ",https://www.collagenstudio-lucina.jp/index.html
https://townwork.net/viewjob/jobid_425353a8fafe0793/?jbRsltTrackingKey=5-nrt1-0-1igoc7m7ph115800-425353a8fafe0793--SoAY6_M33YQRZIyL150JbzkdCdPP,株式会社アテナ,,,,,人材派遣・職業紹介,
https://townwork.net/detail/clc_1671115025/joid_Y00ME4DA/?opf=A&jbRsltTrackingKey=5-nrt1-0-1igoc7m7ph115800-PPPY00ME4DA0001,アルティウスリンク株式会社/1241201700,,,,,請負業,https://www.j-meets.com/
https://townwork.net/detail/clc_3934976027/?opf=PR1&jbRsltTrackingKey=5-nrt1-0-1igoc7m7ph115800-PPPY00ME6KU0001,快活ＣＬＵＢ　上野広小路店,,,,,快活ＣＬＵＢ/会員制ネットカフェ,https://www.kaikatsu.jp/
https://townwork.net/viewjob/jobid_307d9cd0561d0bd1/?jbRsltTrackingKey=5-nrt1-0-1igoc7m7ph115800-307d9cd0561d0bd1--SoBB6_M33YQRZLSL150JbzkdCdPP,一般財団法人日本健康管理協会,,,,,臨床検査,
https://townwork.net/viewjob/jobid_ff1691e71dab239f/?jbRsltTrackingKey=5-nrt1-0-1igoc7m7ph115800-ff1691e71dab239f--SoAE6_M33YQRZLyL150JbzkdCdPP,株式会社ジェイ・エス・ビー,,,,,不動産管理,https://www.jsb.co.jp/company/
https://townwork.net/detail/clc_2902752010/joid_Y00MEB5G/?jbRsltTrackingKey=5-nrt1-0-1igoc7m7ph115800-PPPY00MEB5G0001,株式会社フェローズ【fls_d3】,,,,,請負・派遣業/派13-305884,https://fellows2008.co.jp/
https://townwork.net/viewjob/jobid_7f50550ea0ce9722/?jbRsltTrackingKey=5-nrt1-0-1igoc7m7ph115800-7f50550ea0ce9722--SoCj6_M33YQRZKSL150LbzkdCdPP,公益財団法人日本賃貸住宅管理協会,,,,,不動産,https://www.jpm.jp/
https://townwork.net/viewjob/jobid_13a30a68555ade56/?jbRsltTrackingKey=5-nrt1-0-1igoc7m7ph115800-13a30a68555ade56--SoCw6_M33YQRZKSL150PbzkdCdPP,ファミリーマート神田駅東口店,,,,,コンビニエンスストア,
https://townwork.net/detail/clc_1896681002/joid_Y00ME2LD/?jbRsltTrackingKey=5-nrt1-0-1igoc7m7ph115800-PPPY00ME2LD0001,株式会社日本パーソナルビジネス　(派27-030205),,,,,派遣業,https://www.npb-net.com/index_0.html
https://townwork.net/viewjob/jobid_ab58538cf3c05663/?jbRsltTrackingKey=5-nrt1-0-1igoc7m7ph115800-ab58538cf3c05663--SoDP6_M33YQRZKyL150JbzkdCdPP,株式会社URコミュニティ,,,,,不動産管理,
https://townwork.net/viewjob/jobid_f4c83ac2b9a6e100/?jbRsltTrackingKey=5-nrt1-0-1igoc7m7ph115800-f4c83ac2b9a6e100--SoDc6_M33YQRZKyL150NbzkdCdPP,株式会社イースト,,,,,通信・インターネット,
https://townwork.net/detail/clc_1896681002/joid_Y00ME2LL/?jbRsltTrackingKey=5-nrt1-0-1igoc7m7ph115800-PPPY00ME2LL0001,株式会社日本パーソナルビジネス　(派27-030205),,,,,派遣業,https://www.npb-net.com/index_0.html
https://townwork.net/viewjob/jobid_59c74904f19e2e8a/?jbRsltTrackingKey=5-nrt1-0-1igoc7m7ph115800-59c74904f19e2e8a--SoBj6_M33YQRG1SL150JbzkdCdPP,株式会社アイエス・スタッフ,,,,,人事・人材サービス,
https://townwork.net/viewjob/jobid_b467c4298eb925f3/?jbRsltTrackingKey=5-nrt1-0-1igoc7m7ph115800-b467c4298eb925f3--SoAm6_M33YQRG1yL150JbzkdCdPP,社会保険労務士法人ローム,,,,,人事・人材サービス,
https://townwork.net/detail/clc_2902752010/joid_Y00MEB5F/?jbRsltTrackingKey=5-nrt1-0-1igoc7m7ph115800-PPPY00MEB5F0001,株式会社フェローズ【fls_d3】,,,,,請負・派遣業/派13-305884,https://fellows2008.co.jp/
https://townwork.net/viewjob/jobid_ce07641aa98915fd/?jbRsltTrackingKey=5-nrt1-0-1igoc7m7ph115800-ce07641aa98915fd--SoA16_M33YQRG1yL150NbzkdCdPP,リーフラス株式会社,,,,,スポーツ・レクリエーション,
https://townwork.net/viewjob/jobid_81f0a2822aba36d4/?jbRsltTrackingKey=5-nrt1-0-1igoc7m7ph115800-81f0a2822aba36d4--SoCo6_M33YQRG0SL150JbzkdCdPP,㈱リアルス,,,,,不動産,
https://townwork.net/detail/clc_1896681002/joid_Y00ME2LC/?jbRsltTrackingKey=5-nrt1-0-1igoc7m7ph115800-PPPY00ME2LC0001,株式会社日本パーソナルビジネス　(派27-030205),,,,,派遣・請負業,https://www.npb-net.com/index_0.html
https://townwork.net/viewjob/jobid_46719f0185bc7af2/?jbRsltTrackingKey=5-nrt1-0-1igoc7m7ph115800-46719f0185bc7af2--SoC76_M33YQRG0SL150NbzkdCdPP,株式会社Jmark,,,,,化粧品・理美容用品小売,http://jmark.co.jp/
https://townwork.net/viewjob/jobid_c4a97e90200aef66/?jbRsltTrackingKey=5-nrt1-0-1igoc7m7ph115800-c4a97e90200aef66--SoBZ6_M33YQRG0yL150IbzkdCdPP,株式会社ジェイ・エス・ビー,,,,,不動産管理,https://www.jsb.co.jp/company/
https://townwork.net/detail/clc_1671115025/joid_Y00ME4BW/?opf=C&jbRsltTrackingKey=5-nrt1-0-1igoc7m7ph115800-PPPY00ME4BW0001,アルティウスリンク株式会社/1241201710,,,,,請負業,https://www.j-meets.com/
https://townwork.net/viewjob/jobid_87193cf19d713852/?jbRsltTrackingKey=5-nrt1-0-1igoc7m7ph115800-87193cf19d713852--SoCw6_M33YQRG0yL150HbzkdCdPP,ＯＮＩＧＯ株式会社,,,,,スーパーマーケット,
https://townwork.net/viewjob/jobid_62283db5f01bece2/?jbRsltTrackingKey=5-nrt1-0-1igoc7m7ph115800-62283db5f01bece2--SoAA6_M33YQRG3SL150IbzkdCdPP,One's Life.株式会社,,,,,生活関連サービス,
https://townwork.net/detail/clc_1896681002/joid_Y00ME2LF/?jbRsltTrackingKey=5-nrt1-0-1igoc7m7ph115800-PPPY00ME2LF0001,株式会社日本パーソナルビジネス　(派27-030205),,,,,派遣・請負業,https://www.npb-net.com/index_0.html
https://townwork.net/viewjob/jobid_4d17ed171a604450/?jbRsltTrackingKey=5-nrt1-0-1igoc7m7ph115800-4d17ed171a604450--SoDY6_M33YQRG3yL150LbzkdCdPP,㈱アイネスリレーションズ,,,,,人材派遣・職業紹介,
https://townwork.net/viewjob/jobid_30cdf402d5e2dd03/?jbRsltTrackingKey=5-nrt1-0-1igoc7m7ph115800-30cdf402d5e2dd03--SoDL6_M33YQRG3yL150PbzkdCdPP,株式会社ハナケンヒューマンブレイド,,,,,人事・人材サービス,https://www.human-blade.co.jp/
https://townwork.net/detail/clc_3817396002/?jbRsltTrackingKey=5-nrt1-0-1igoc7m7ph115800-PPPY00MDY8S0001,株式会社タイミー,,,,,アプリケーションの企画・開発・運営,https://corp.timee.co.jp/
https://townwork.net/viewjob/jobid_9f91430062f35399/?jbRsltTrackingKey=5-nrt1-0-1igoc7m7ph115800-9f91430062f35399--SoB_6_M33YQRG2SL150JbzkdCdPP,株式会社ヴァリューズ,,,,,組織マネジメント・シンクタンク,
https://townwork.net/viewjob/jobid_cc6bf3f375dd1fe0/?jbRsltTrackingKey=5-nrt1-0-1igoc7m7ph115800-cc6bf3f375dd1fe0--SoBs6_M33YQRG2SL150NbzkdCdPP,南多摩運送株式会社,,,,,配送・トラック輸送,https://www.m-tama.com/
https://townwork.net/detail/clc_3065855003/joid_Y00ME9EG/?jbRsltTrackingKey=5-nrt1-0-1igoc7m7ph115800-PPPY00ME9EG0001,ウィンクルム株式会社【002】,,,,,請負業,https://vinculum-coltd.com/
https://townwork.net/viewjob/jobid_43775035e346f5c8/?jbRsltTrackingKey=5-nrt1-0-1igoc7m7ph115800-43775035e346f5c8--SoA66_M33YQRG2yL150JbzkdCdPP,メルコヒューマンポート株式会社,,,,,人材派遣・職業紹介,
https://townwork.net/viewjob/jobid_dd66e28b601fc344/?jbRsltTrackingKey=5-nrt1-0-1igoc7m7ph115800-dd66e28b601fc344--SoAp6_M33YQRG2yL150NbzkdCdPP,リーフラス株式会社,,,,,スポーツ・レクリエーション,
https://townwork.net/detail/clc_3768702002/?jbRsltTrackingKey=5-nrt1-0-1igoc7m7ph115800-PPPY00MEBC60001,株式会社uloqo,,,,,コンサルティングサービス,https://uloqo.net/
https://townwork.net/viewjob/jobid_78005a09177ecd17/?jbRsltTrackingKey=5-nrt1-0-1igoc7m7ph115800-78005a09177ecd17--SoCM6_M33YQRGxSL150JbzkdCdPP,きらら歯科,,,,,歯科・口腔外科医院,
https://townwork.net/viewjob/jobid_ace26aa7db334f15/?jbRsltTrackingKey=5-nrt1-0-1igoc7m7ph115800-ace26aa7db334f15--SoCf6_M33YQRGxSL150NbzkdCdPP,株式会社城南コミュニティ,,,,,不動産仲介,
https://townwork.net/detail/clc_3771993002/joid_Y00MDXKE/?jbRsltTrackingKey=5-nrt1-0-1igoc7m7ph115800-PPPY00MDXKE0001,株式会社アテナ　東京オフィス【002】,,,,,請負業,http://win-athena.com/
https://townwork.net/viewjob/jobid_2d3cf4e006949a75/?jbRsltTrackingKey=5-nrt1-0-1igoc7m7ph115800-2d3cf4e006949a75--SoDJ6_M33YQRGxyL150JbzkdCdPP,株式会社綜合キャリアオプション,,,,,人材派遣,
https://townwork.net/viewjob/jobid_4ff5a53f901706c5/?jbRsltTrackingKey=5-nrt1-0-1igoc7m7ph115800-4ff5a53f901706c5--SoDa6_M33YQRGxyL150NbzkdCdPP,神奈川管材株式会社,,,,,総合商社・専門商社・卸売,
https://townwork.net/detail/clc_1786644135/?opf=PR4&jbRsltTrackingKey=5-nrt1-0-1igoc7m7ph115800-PPPY00ME1090001,サニーライフ台東橋場,,,,,老人ホーム,http://www.sunnylife-group.co.jp/
https://townwork.net/detail/clc_0297024007/joid_Y00ME888/?opf=B&jbRsltTrackingKey=5-nrt1-0-1igoc7m7ph115800-PPPY00ME8880001,パーソルテンプスタッフ(株)/ＴＷ電無,,,,,派遣業/派13-010026,https://www.tempstaff.co.jp/
https://townwork.net/viewjob/jobid_36d6f16893c532f7/?jbRsltTrackingKey=5-nrt1-0-1igoc7qflgmf1800-36d6f16893c532f7--SoCX6_M33YQQnYTXmB0JbzkdCdPP,ＳＵＥＭＡＲＵ　ＨＯＬＤＩＮＧＳ株式会社,,,,,小売・卸売・商社,
https://townwork.net/detail/clc_2902752010/joid_Y00MEB5F/?opf=A&jbRsltTrackingKey=5-nrt1-0-1igoc7qflgmf1800-PPPY00MEB5F0001,株式会社フェローズ【fls_d3】,,,,,請負・派遣業/派13-305884,https://fellows2008.co.jp/
https://townwork.net/detail/clc_1708767004/joid_Y00MEC26/?opf=PR1&jbRsltTrackingKey=5-nrt1-0-1igoc7qflgmf1800-PPPY00MEC260001,アスフィール株式会社　東京支店,,,,,教育アプリ業務支援,https://www.asfeel.jp/
https://townwork.net/viewjob/jobid_70b5a955fca8b933/?jbRsltTrackingKey=5-nrt1-0-1igoc7qflgmf1800-70b5a955fca8b933--SoDS6_M33YQQnYzXmB0JbzkdCdPP,シンコウ株式会社,,,,,総合商社・専門商社・卸売,https://www.shinkoh-gr.co.jp/
https://townwork.net/viewjob/jobid_eba08acefe9092d1/?jbRsltTrackingKey=5-nrt1-0-1igoc7qflgmf1800-eba08acefe9092d1--SoCL6_M33YQQnbTXmB0JbzkdCdPP,株式会社ハナケンヒューマンブレイド,,,,,人事・人材サービス,https://www.human-blade.co.jp/
https://townwork.net/detail/clc_3123566002/joid_Y00ME2YM/?jbRsltTrackingKey=5-nrt1-0-1igoc7qflgmf1800-PPPY00ME2YM0001,株式会社トライバルユニット　東京支社,,,,,労働者派遣業(派01300531)、テレマ業,https://trybalunit.com/
https://townwork.net/viewjob/jobid_69afb8e615e7d891/?jbRsltTrackingKey=5-nrt1-0-1igoc7qflgmf1800-69afb8e615e7d891--SoDO6_M33YQQnbzXmB0JbzkdCdPP,株式会社東急イーライフデザイン,,,,,看護・介護,
https://townwork.net/viewjob/jobid_142e9d7ca2ed229e/?jbRsltTrackingKey=5-nrt1-0-1igoc7qflgmf1800-142e9d7ca2ed229e--SoBA6_M33YQQnaTXmB0JbzkdCdPP,一般社団法人日本不整脈心電学会,,,,,福祉・独立行政法人・NGO・NPO,https://new.jhrs.or.jp/
https://townwork.net/detail/clc_3123566002/joid_Y00ME2YN/?jbRsltTrackingKey=5-nrt1-0-1igoc7qflgmf1800-PPPY00ME2YN0001,株式会社トライバルユニット　東京支社,,,,,労働者派遣業(派01300531)、テレマ業,https://trybalunit.com/
https://townwork.net/viewjob/jobid_f7d5c6bd284b22fa/?jbRsltTrackingKey=5-nrt1-0-1igoc7qflgmf1800-f7d5c6bd284b22fa--SoBT6_M33YQQnaTXmB0NbzkdCdPP,株式会社Ａｎｄｂｏｔ,,,,,ITサービス,
https://townwork.net/viewjob/jobid_68462fe8f70040ae/?jbRsltTrackingKey=5-nrt1-0-1igoc7qflgmf1800-68462fe8f70040ae--SoAF6_M33YQQnazXmB0JbzkdCdPP,株式会社ハナケンヒューマンブレイド,,,,,人事・人材サービス,https://www.human-blade.co.jp/
https://townwork.net/detail/clc_0107022033/joid_Y00MDX0E/?jbRsltTrackingKey=5-nrt1-0-1igoc7qflgmf1800-PPPY00MDX0E0001,(株)そごう・西武　西武池袋本店アルバイト,,,,,百貨店,https://www.sogo-seibu.jp/ikebukuro/
https://townwork.net/viewjob/jobid_a4c53bd520f1b9cd/?jbRsltTrackingKey=5-nrt1-0-1igoc7qflgmf1800-a4c53bd520f1b9cd--SoAW6_M33YQQnazXmB0NbzkdCdPP,株式会社日比谷アメニス,,,,,生活関連サービス,https://www.amenis.co.jp/index.html
https://townwork.net/viewjob/jobid_611a0de8649125da/?jbRsltTrackingKey=5-nrt1-0-1igoc7qflgmf1800-611a0de8649125da--SoBD6_M33YQQnFTXmB0JbzkdCdPP,株式会社ジャストファイン,,,,,人材派遣・職業紹介,
https://townwork.net/detail/clc_3589697002/joid_Y00ME7DR/?jbRsltTrackingKey=5-nrt1-0-1igoc7qflgmf1800-PPPY00ME7DR0001,(株)スタッフファースト新宿支店/ＣＣＳＨ1111Ｇ,,,,,"派遣事業(派)27-302221
★東証プライム上場グループ会社",https://www.staff-first.co.jp/
https://townwork.net/viewjob/jobid_3add82da35ff03f9/?jbRsltTrackingKey=5-nrt1-0-1igoc7qflgmf1800-3add82da35ff03f9--SoAG6_M33YQQnFzXmB0JbzkdCdPP,中元商事株式会社,,,,,総合商社・専門商社・卸売,
https://townwork.net/viewjob/jobid_3537b6391b924dd3/?jbRsltTrackingKey=5-nrt1-0-1igoc7qflgmf1800-3537b6391b924dd3--SoAV6_M33YQQnFzXmB0NbzkdCdPP,株式会社パルコスペースシステムズ,,,,,セキュリティー・警備サービス,https://www.parco-space.co.jp/
https://townwork.net/detail/clc_3123566002/joid_Y00ME2YK/?jbRsltTrackingKey=5-nrt1-0-1igoc7qflgmf1800-PPPY00ME2YK0001,株式会社トライバルユニット　東京支社,,,,,労働者派遣業(派01300531)、テレマ業,https://trybalunit.com/
https://townwork.net/viewjob/jobid_bf308bd9d23ee9c8/?jbRsltTrackingKey=5-nrt1-0-1igoc7qflgmf1800-bf308bd9d23ee9c8--SoCI6_M33YQQnETXmB0JbzkdCdPP,学校法人電波学園,,,,,高等教育機関,https://www.tokyo-ec.ac.jp/index.html
https://townwork.net/viewjob/jobid_0d6de9e2e5098e3d/?jbRsltTrackingKey=5-nrt1-0-1igoc7qflgmf1800-0d6de9e2e5098e3d--SoCb6_M33YQQnETXmB0NbzkdCdPP,カルチュア・コンビニエンス・クラブ株式会社,,,,,小売・卸売・商社,https://www.ccc.co.jp/
https://townwork.net/detail/clc_1671115025/joid_Y00ME6B7/?opf=C&jbRsltTrackingKey=5-nrt1-0-1igoc7qflgmf1800-PPPY00ME6B70001,アルティウスリンク株式会社/1241108170,,,,,業務請負業,https://www.j-meets.com/
https://townwork.net/viewjob/jobid_5fe832557a0a04cf/?jbRsltTrackingKey=5-nrt1-0-1igoc7qflgmf1800-5fe832557a0a04cf--SoDN6_M33YQQnEzXmB0JbzkdCdPP,四条烏丸法律事務所,,,,,法関連サービス,
https://townwork.net/viewjob/jobid_749b5cbc02267be1/?jbRsltTrackingKey=5-nrt1-0-1igoc7qflgmf1800-749b5cbc02267be1--SoCU6_M33YQQnHTXmB0JbzkdCdPP,株式会社綜合キャリアオプション,,,,,人材派遣,
https://townwork.net/detail/clc_0574512001/?jbRsltTrackingKey=5-nrt1-0-1igoc7qflgmf1800-PPPY00ME9JC0001,有限会社豊栄商事,,,,,不動産の売買・賃貸、管理,N/A
https://townwork.net/viewjob/jobid_23ad804da4518149/?jbRsltTrackingKey=5-nrt1-0-1igoc7qflgmf1800-23ad804da4518149--SoCH6_M33YQQnHTXmB0NbzkdCdPP,株式会社パソナ,,,,,人事・人材サービス,https://www.pasona.co.jp/
https://townwork.net/viewjob/jobid_309ad48782822ea9/?jbRsltTrackingKey=5-nrt1-0-1igoc7qflgmf1800-309ad48782822ea9--SoDR6_M33YQQnHzXmB0JbzkdCdPP,株式会社 AGRI CARE,,,,,医療・病院,
https://townwork.net/detail/clc_3949048001/?jbRsltTrackingKey=5-nrt1-0-1igoc7qflgmf1800-PPPY00MD1990001,アフターコールナビ株式会社,,,,,コールセンター運営,https://www.axs-f.com/
https://townwork.net/viewjob/jobid_2454264162ca806a/?jbRsltTrackingKey=5-nrt1-0-1igoc7qflgmf1800-2454264162ca806a--SoDC6_M33YQQnHzXmB0NbzkdCdPP,㈱ヴィアックス,,,,,芸術・娯楽・レクリエーション,
https://townwork.net/viewjob/jobid_861a7fc3da84910c/?jbRsltTrackingKey=5-nrt1-0-1igoc7qflgmf1800-861a7fc3da84910c--SoBf6_M33YQQnGTXmB0JbzkdCdPP,㈱ヴィアックス,,,,,芸術・娯楽・レクリエーション,
https://townwork.net/detail/clc_2980578003/joid_Y00ME8UW/?jbRsltTrackingKey=5-nrt1-0-1igoc7qflgmf1800-PPPY00ME8UW0001,ＣareerＰlaceＰlus(キャリアプレイスプラス)/ＳＢＹ,,,,,派-13-305833、請負業,http://careerpp.com/
https://townwork.net/viewjob/jobid_71025e2f085e5481/?jbRsltTrackingKey=5-nrt1-0-1igoc7qflgmf1800-71025e2f085e5481--SoAa6_M33YQQnGzXmB0JbzkdCdPP,株式会社東急レクリエーション,,,,,芸術・娯楽・レクリエーション,https://www.tokyu-rec.co.jp/
https://townwork.net/viewjob/jobid_7a3055b4e0d34b42/?jbRsltTrackingKey=5-nrt1-0-1igoc7qflgmf1800-7a3055b4e0d34b42--SoAJ6_M33YQQnGzXmB0NbzkdCdPP,東京都市日本語学校,,,,,教育支援サービス,
https://townwork.net/detail/clc_0258646038/joid_Y00ME7B6/?jbRsltTrackingKey=5-nrt1-0-1igoc7qflgmf1800-PPPY00ME7B60001,テイケイワークス株式会社　立川支店/ＴＷ125,,,,,派遣業(派13-08-0093),http://www.teikeiworks.co.jp/
https://townwork.net/viewjob/jobid_041b03626c936960/?jbRsltTrackingKey=5-nrt1-0-1igoc7qflgmf1800-041b03626c936960--SoCs6_M33YQQnBTXmB0JbzkdCdPP,株式会社フォームコネクション,,,,,人事・人材サービス,https://form-connection.co.jp/%e4%bc%9a%e7%a4%be%e6%a6%82%e8%a6%81/
https://townwork.net/viewjob/jobid_b94169126f771aae/?jbRsltTrackingKey=5-nrt1-0-1igoc7qflgmf1800-b94169126f771aae--SoDp6_M33YQQnBzXmB0JbzkdCdPP,株式会社田辺エージェンシー,,,,,放送・テレビ局,http://www.tanabe-agency.co.jp/
https://townwork.net/detail/clc_0297024007/joid_Y00ME887/?jbRsltTrackingKey=5-nrt1-0-1igoc7qflgmf1800-PPPY00ME8870001,パーソルテンプスタッフ(株)/ＴＷ在,,,,,派遣業/派13-010026,https://www.tempstaff.co.jp/
https://townwork.net/viewjob/jobid_98a3ab76b49381cd/?jbRsltTrackingKey=5-nrt1-0-1igoc7qflgmf1800-98a3ab76b49381cd--SoD66_M33YQQnBzXmB0NbzkdCdPP,合同会社あいの手,,,,,インテリア・家具小売,
https://townwork.net/viewjob/jobid_0b8ef7cef79ce5f0/?jbRsltTrackingKey=5-nrt1-0-1igoc7qflgmf1800-0b8ef7cef79ce5f0--SoBn6_M33YQQnATXmB0JbzkdCdPP,株式会社アドミック - 自社採用,,,,,人材派遣・職業紹介,
https://townwork.net/detail/clc_1708767004/?opf=PR4&jbRsltTrackingKey=5-nrt1-0-1igoc7qflgmf1800-PPPY00MDUF10001,アスフィール株式会社　東京支店,,,,,教育アプリ業務支援,https://www.asfeel.jp/
https://townwork.net/detail/clc_0293199001/?opf=B&jbRsltTrackingKey=5-nrt1-0-1igoc7qflgmf1800-PPPY00MEASM0001,株式会社太陽油化,,,,,石油製品販売業、他,https://www.taiyo-yuka.com/
https://townwork.net/viewjob/jobid_d940614e8b7b0674/?jbRsltTrackingKey=5-nrt1-0-1igoc7u50gme5800-d940614e8b7b0674--SoB16_M33YQQZ3y5Qp0JbzkdCdPP,公益財団法人日本郵趣協会,,,,,文化・教養・娯楽,https://yushu.or.jp/
https://townwork.net/detail/clc_2653786330/joid_Y00ME8YL/?opf=A&jbRsltTrackingKey=5-nrt1-0-1igoc7u50gme5800-PPPY00ME8YL0001,労働者協同組合ワーカーズコープ・センター事業団,,,,,教育支援サービス,N/A
https://townwork.net/detail/clc_2653786330/joid_Y00ME57X/?opf=PR1&jbRsltTrackingKey=5-nrt1-0-1igoc7u50gme5800-PPPY00ME57X0001,こぶし保育園,,,,,保育園運営,N/A
https://townwork.net/viewjob/jobid_a5cccd9a79a354a0/?jbRsltTrackingKey=5-nrt1-0-1igoc7u50gme5800-a5cccd9a79a354a0--SoD76_M33YQQZ2S5Qp0JbzkdCdPP,株式会社ロフティー,,,,,人材派遣・職業紹介,https://lofty-ltd.co.jp/
https://townwork.net/viewjob/jobid_49f8763e43afff02/?jbRsltTrackingKey=5-nrt1-0-1igoc7u50gme5800-49f8763e43afff02--SoDo6_M33YQQZ2S5Qp0NbzkdCdPP,株式会社スペクトル,,,,,通信・インターネット,
https://townwork.net/detail/clc_2756247025/joid_Y00ME8BX/?jbRsltTrackingKey=5-nrt1-0-1igoc7u50gme5800-PPPY00ME8BX0001,ピックル株式会社　西船橋支店/pnfw,,,,,派遣業(派13-303267),https://www.pikul.jp/
https://townwork.net/viewjob/jobid_d764efe5c0c423ce/?jbRsltTrackingKey=5-nrt1-0-1igoc7u50gme5800-d764efe5c0c423ce--SoC-6_M33YQQZ2y5Qp0JbzkdCdPP,株式会社アエラス,,,,,不動産管理,
https://townwork.net/viewjob/jobid_92c6d4ab9657be16/?jbRsltTrackingKey=5-nrt1-0-1igoc7u50gme5800-92c6d4ab9657be16--SoCt6_M33YQQZ2y5Qp0NbzkdCdPP,株式会社紀ノ國屋　グルマンマーケット紀ノ国屋／ＫＩＮＯＫＵＮＩＹＡ,,,,,スーパーマーケット,https://www.e-kinokuniya.com/
https://townwork.net/detail/clc_3771993002/?jbRsltTrackingKey=5-nrt1-0-1igoc7u50gme5800-PPPY00MDXCX0001,株式会社アテナ　東京オフィス【002】,,,,,請負業,http://win-athena.com/
https://townwork.net/viewjob/jobid_dc8b509e62fb553d/?jbRsltTrackingKey=5-nrt1-0-1igoc7u50gme5800-dc8b509e62fb553d--SoBN6_M33YQQZxy5Qp0JbzkdCdPP,株式会社ジェイ・エス・ビー,,,,,不動産管理,https://www.jsb.co.jp/company/
https://townwork.net/viewjob/jobid_46d737be367a7aa5/?jbRsltTrackingKey=5-nrt1-0-1igoc7u50gme5800-46d737be367a7aa5--SoBe6_M33YQQZxy5Qp0NbzkdCdPP,弁護士法人工藤法律事務所,,,,,法律事務所,
https://townwork.net/detail/clc_2758273001/joid_Y00MEC4T/?jbRsltTrackingKey=5-nrt1-0-1igoc7u50gme5800-PPPY00MEC4T0001,株式会社フェザンレーヴ,,,,,請負業,https://www.furhr.jp/
https://townwork.net/viewjob/jobid_6e510f73f0862c02/?jbRsltTrackingKey=5-nrt1-0-1igoc7u50gme5800-6e510f73f0862c02--SoDD6_M33YQQZwS5Qp0JbzkdCdPP,One's Life.株式会社,,,,,生活関連サービス,
https://townwork.net/viewjob/jobid_0d78e09e2df44dbe/?jbRsltTrackingKey=5-nrt1-0-1igoc7u50gme5800-0d78e09e2df44dbe--SoDQ6_M33YQQZwS5Qp0NbzkdCdPP,セブン-イレブン千住寿町店,,,,,コンビニエンスストア,
https://townwork.net/detail/clc_2672198004/joid_Y00MECMA/?jbRsltTrackingKey=5-nrt1-0-1igoc7u50gme5800-PPPY00MECMA0001,ギグワークスアドバリュー株式会社/36094044,,,,,コールセンター運用/派13-301723,https://add.gig.co.jp/
https://townwork.net/viewjob/jobid_26181efd03eaa5af/?jbRsltTrackingKey=5-nrt1-0-1igoc7u50gme5800-26181efd03eaa5af--SoCG6_M33YQQZwy5Qp0JbzkdCdPP,株式会社トライブ,,,,,人事・人材サービス,https://tri-be.co.jp/
https://townwork.net/viewjob/jobid_e233796fbd61cab2/?jbRsltTrackingKey=5-nrt1-0-1igoc7u50gme5800-e233796fbd61cab2--SoCV6_M33YQQZwy5Qp0NbzkdCdPP,株式会社URコミュニティ,,,,,不動産管理,
https://townwork.net/detail/clc_0472503043/joid_Y00ME7RM/?jbRsltTrackingKey=5-nrt1-0-1igoc7u50gme5800-PPPY00ME7RM0001,テイケイトレード株式会社　池袋支店/515,,,,,派遣業(派13-080662),http://www.teikeitrade.co.jp/
https://townwork.net/viewjob/jobid_2bb03169e5ba0773/?jbRsltTrackingKey=5-nrt1-0-1igoc7u50gme5800-2bb03169e5ba0773--SoCz6_M33YQQZzy5Qp0LbzkdCdPP,株式会社ハウフルス,,,,,放送・テレビ局,
https://townwork.net/viewjob/jobid_d4b903c4640138b8/?jbRsltTrackingKey=5-nrt1-0-1igoc7u50gme5800-d4b903c4640138b8--SoCg6_M33YQQZzy5Qp0PbzkdCdPP,株式会社オクルトノボル,,,,,広告・メディア・マスコミ,
https://townwork.net/detail/clc_2079851007/joid_Y00ME37V/?opf=C&jbRsltTrackingKey=5-nrt1-0-1igoc7u50gme5800-PPPY00ME37V0001,ＳＯＭＰＯコミュニケーションズ(株)　Ｎo.015,,,,,コールセンター事業,https://sompo-job.net/top/
https://townwork.net/viewjob/jobid_84ebe3be49b390d2/?jbRsltTrackingKey=5-nrt1-0-1igoc7u50gme5800-84ebe3be49b390d2--SoAU6_M33YQQZyS5Qp0JbzkdCdPP,リーフラス株式会社,,,,,スポーツ・レクリエーション,
https://townwork.net/viewjob/jobid_72a01159a77ddacc/?jbRsltTrackingKey=5-nrt1-0-1igoc7u50gme5800-72a01159a77ddacc--SoAH6_M33YQQZyS5Qp0NbzkdCdPP,公益財団法人 東京都つながり創生財団,,,,,官公庁,https://www.tokyo-tsunagari.or.jp/
https://townwork.net/detail/clc_3233659004/?jbRsltTrackingKey=5-nrt1-0-1igoc7u50gme5800-PPPY00ME8100001,あっとほぉーむカフェ　秋葉原本店,,,,,飲食店経営、グッズ・衣装企画/制作/販売,http://www.cafe-athome.com/
https://townwork.net/viewjob/jobid_12fbd7160c49041f/?jbRsltTrackingKey=5-nrt1-0-1igoc7u50gme5800-12fbd7160c49041f--SoBR6_M33YQQZyy5Qp0JbzkdCdPP,パーソルマーケティング株式会社,,,,,生活関連サービス,
https://townwork.net/viewjob/jobid_65bdff2bb2c9d8d3/?jbRsltTrackingKey=5-nrt1-0-1igoc7u50gme5800-65bdff2bb2c9d8d3--SoBC6_M33YQQZyy5Qp0NbzkdCdPP,リバティー株式会社,,,,,人材派遣・職業紹介,
https://townwork.net/detail/clc_3934976027/?jbRsltTrackingKey=5-nrt1-0-1igoc7u50gme5800-PPPY00ME6KU0001,快活ＣＬＵＢ　上野広小路店,,,,,快活ＣＬＵＢ/会員制ネットカフェ,https://www.kaikatsu.jp/
https://townwork.net/viewjob/jobid_242cf392e7daea7b/?jbRsltTrackingKey=5-nrt1-0-1igoc7u50gme5800-242cf392e7daea7b--SoA96_M33YQQZ9y5Qp0JbzkdCdPP,神奈川管材株式会社,,,,,総合商社・専門商社・卸売,
https://townwork.net/viewjob/jobid_f048ec5d2dcc514b/?jbRsltTrackingKey=5-nrt1-0-1igoc7u50gme5800-f048ec5d2dcc514b--SoCz6_M33YQQZ8S5Qp0JbzkdCdPP,株式会社JLC,,,,,教育・学校,
https://townwork.net/detail/clc_1896681002/joid_Y00ME75E/?jbRsltTrackingKey=5-nrt1-0-1igoc7u50gme5800-PPPY00ME75E0001,(株)日本パーソナルビジネス　http://www.npb-net.com/,,,,,請負業・派遣業(派27-030205),https://www.npb-net.com/
https://townwork.net/viewjob/jobid_db6b606583e9ff53/?jbRsltTrackingKey=5-nrt1-0-1igoc7u50gme5800-db6b606583e9ff53--SoD26_M33YQQZ8y5Qp0JbzkdCdPP,株式会社ホシカワ,,,,,生活関連サービス,https://www.kkhoshikawa.jp/index.html
https://townwork.net/viewjob/jobid_c8e8e7c71615a7a7/?jbRsltTrackingKey=5-nrt1-0-1igoc7u50gme5800-c8e8e7c71615a7a7--SoDl6_M33YQQZ8y5Qp0NbzkdCdPP,株式会社テレコメディア,,,,,ITサービス,https://www.telecomedia.co.jp/
https://townwork.net/detail/clc_2761623006/?jbRsltTrackingKey=5-nrt1-0-1igoc7u50gme5800-PPPY00ME73M0001,やさい村大地　本店,,,,,韓国料理屋さん,https://yasaimuradaichi-akasakahonten.com/
https://townwork.net/viewjob/jobid_1b1ee111a3386fbd/?jbRsltTrackingKey=5-nrt1-0-1igoc7u50gme5800-1b1ee111a3386fbd--SoCv6_M33YQQZ_S5Qp0JbzkdCdPP,(株)セレクトリスト,,,,,化粧品・理美容用品小売,
https://townwork.net/viewjob/jobid_3d7e90b4328ec1b9/?jbRsltTrackingKey=5-nrt1-0-1igoc7u50gme5800-3d7e90b4328ec1b9--SoC86_M33YQQZ_S5Qp0NbzkdCdPP,中井哲也公認会計士税理士事務所,,,,,会計・税務・監査,
https://townwork.net/detail/clc_2049402056/joid_Y00ME8KF/?jbRsltTrackingKey=5-nrt1-0-1igoc7u50gme5800-PPPY00ME8KF0001,株式会社フルキャスト　船橋営業課/ＴＷ1223Ｄ-2Ｂ,,,,,紹介業:13-ユ-010325、請負業(登録制),https://fullcast.jp/
https://townwork.net/viewjob/jobid_0f6b32aef7cf1bae/?jbRsltTrackingKey=5-nrt1-0-1igoc7u50gme5800-0f6b32aef7cf1bae--SoDq6_M33YQQZ_y5Qp0JbzkdCdPP,株式会社東京ドームスポーツ,,,,,スポーツ・レクリエーション,https://www.tokyodome-sports.co.jp/
https://townwork.net/viewjob/jobid_05c4ccb614b8fe8a/?jbRsltTrackingKey=5-nrt1-0-1igoc7u50gme5800-05c4ccb614b8fe8a--SoD56_M33YQQZ_y5Qp0NbzkdCdPP,株式会社サンリオエンターテイメント,,,,,芸術・娯楽・レクリエーション,
https://townwork.net/detail/clc_1876169009/joid_Y00ME6R9/?opf=PR4&jbRsltTrackingKey=5-nrt1-0-1igoc7u50gme5800-PPPY00ME6R90001,ビーウィズ株式会社/ＡＢＱＲ23041,,,,,コールセンター・ＢＰＯ事業,https://www.bewith.net/oshigoto-mart/
https://townwork.net/detail/clc_0124866045/?opf=B&jbRsltTrackingKey=5-nrt1-0-1igoc7u50gme5800-PPPY00MD4680001,日本総合住生活株式会社　東京支社　南多摩支店,,,,,集合住宅の修繕、管理(主にＵＲ賃貸),https://www.js-net.co.jp/
https://townwork.net/viewjob/jobid_425353a8fafe0793/?jbRsltTrackingKey=5-nrt1-0-1igoc81nf2445000-425353a8fafe0793--SoDj6_M33YQv6xzwFZ0JbzkdCdPP,株式会社アテナ,,,,,人材派遣・職業紹介,
https://townwork.net/detail/clc_0297024007/joid_Y00ME8A8/?opf=A&jbRsltTrackingKey=5-nrt1-0-1igoc81nf2445000-PPPY00ME8A80001,パーソルテンプスタッフ(株)/ＴＷＤＥ,,,,,派遣業/派13-010026,https://www.tempstaff.co.jp/
https://townwork.net/detail/clc_1708767004/joid_Y00MEC26/?opf=PR1&jbRsltTrackingKey=5-nrt1-0-1igoc81nf2445000-PPPY00MEC260001,アスフィール株式会社　東京支店,,,,,教育アプリ業務支援,https://www.asfeel.jp/
https://townwork.net/viewjob/jobid_36d6f16893c532f7/?jbRsltTrackingKey=5-nrt1-0-1igoc81nf2445000-36d6f16893c532f7--SoBt6_M33YQv6wTwFZ0JbzkdCdPP,ＳＵＥＭＡＲＵ　ＨＯＬＤＩＮＧＳ株式会社,,,,,小売・卸売・商社,
https://townwork.net/viewjob/jobid_11a3858c13c72159/?jbRsltTrackingKey=5-nrt1-0-1igoc81nf2445000-11a3858c13c72159--SoAo6_M33YQv6wzwFZ0JbzkdCdPP,株式会社アクセル,,,,,人事・人材サービス,
https://townwork.net/detail/clc_0258646038/joid_Y00ME79S/?jbRsltTrackingKey=5-nrt1-0-1igoc81nf2445000-PPPY00ME79S0001,テイケイワークス株式会社　立川支店/ＴＷ125,,,,,派遣業(派13-08-0093),http://www.teikeiworks.co.jp/
https://townwork.net/viewjob/jobid_cc6bf3f375dd1fe0/?jbRsltTrackingKey=5-nrt1-0-1igoc81nf2445000-cc6bf3f375dd1fe0--SoBx6_M33YQv6zTwFZ0JbzkdCdPP,南多摩運送株式会社,,,,,配送・トラック輸送,https://www.m-tama.com/
https://townwork.net/viewjob/jobid_bf308bd9d23ee9c8/?jbRsltTrackingKey=5-nrt1-0-1igoc81nf2445000-bf308bd9d23ee9c8--SoBi6_M33YQv6zTwFZ0NbzkdCdPP,学校法人電波学園,,,,,高等教育機関,https://www.tokyo-ec.ac.jp/index.html
https://townwork.net/detail/clc_0347301008/joid_Y00ME775/?jbRsltTrackingKey=5-nrt1-0-1igoc81nf2445000-PPPY00ME7750001,(株)キャリアパワー/派26-020003　仕事Ｎo.2402438,,,,,派遣業,https://154450.com/
https://townwork.net/viewjob/jobid_bf1765a16f607436/?jbRsltTrackingKey=5-nrt1-0-1igoc81nf2445000-bf1765a16f607436--SoA06_M33YQv6zzwFZ0JbzkdCdPP,株式会社松風屋,,,,,小売・卸売・商社,http://www.matsukazeya.co.jp/
https://townwork.net/viewjob/jobid_95cb872a846f5c97/?jbRsltTrackingKey=5-nrt1-0-1igoc81nf2445000-95cb872a846f5c97--SoAn6_M33YQv6yTwFZ0KbzkdCdPP,株式会社Luup,,,,,生活関連サービス,
https://townwork.net/detail/clc_3123566002/joid_Y00ME2YL/?jbRsltTrackingKey=5-nrt1-0-1igoc81nf2445000-PPPY00ME2YL0001,株式会社トライバルユニット　東京支社,,,,,労働者派遣業(派01300531)、テレマ業,https://trybalunit.com/
https://townwork.net/viewjob/jobid_2435bd8fb4798818/?jbRsltTrackingKey=5-nrt1-0-1igoc81nf2445000-2435bd8fb4798818--SoA06_M33YQv6yTwFZ0ObzkdCdPP,株式会社富澤商店,,,,,小売・卸売・商社,
https://townwork.net/viewjob/jobid_1968cce18b64b8a7/?jbRsltTrackingKey=5-nrt1-0-1igoc81nf2445000-1968cce18b64b8a7--SoD_6_M33YQv6yzwFZ0JbzkdCdPP,磯川産業株式会社,,,,,半導体・電子機器メーカー,http://www.isokawa.co.jp/
https://townwork.net/detail/clc_2898122007/joid_Y00MEAEF/?jbRsltTrackingKey=5-nrt1-0-1igoc81nf2445000-PPPY00MEAEF0001,株式会社ヒューマン・ライジン　池袋オフィス,,,,,派遣・請負業/派13-304283,https://h-raizin.com/
https://townwork.net/viewjob/jobid_91b37b7a2e3e8750/?jbRsltTrackingKey=5-nrt1-0-1igoc81nf2445000-91b37b7a2e3e8750--SoCi6_M33YQv6yzwFZ0HbzkdCdPP,株式会社ジャストファイン,,,,,人材派遣・職業紹介,
https://townwork.net/viewjob/jobid_c86275829c06a1a4/?jbRsltTrackingKey=5-nrt1-0-1igoc81nf2445000-c86275829c06a1a4--SoBi6_M33YQv69TwFZ0IbzkdCdPP,㈱ヴィアックス,,,,,芸術・娯楽・レクリエーション,
https://townwork.net/detail/clc_3357068001/joid_Y00MDVVN/?jbRsltTrackingKey=5-nrt1-0-1igoc81nf2445000-PPPY00MDVVN0001,豊島税務署,,,,,税務署での事務,N/A
https://townwork.net/viewjob/jobid_2d0bafe1385b1c34/?jbRsltTrackingKey=5-nrt1-0-1igoc81nf2445000-2d0bafe1385b1c34--SoCL6_M33YQv69TwFZ0HbzkdCdPP,リーフラス株式会社,,,,,スポーツ・レクリエーション,
https://townwork.net/viewjob/jobid_6e6ed895d320db0a/?jbRsltTrackingKey=5-nrt1-0-1igoc81nf2445000-6e6ed895d320db0a--SoAn6_M33YQv69zwFZ0IbzkdCdPP,株式会社ハナケンヒューマンブレイド,,,,,人事・人材サービス,https://www.human-blade.co.jp/
https://townwork.net/detail/clc_1671115025/joid_Y00ME4DA/?opf=C&jbRsltTrackingKey=5-nrt1-0-1igoc81nf2445000-PPPY00ME4DA0001,アルティウスリンク株式会社/1241201700,,,,,請負業,https://www.j-meets.com/
https://townwork.net/viewjob/jobid_0fb80266a0f449f6/?jbRsltTrackingKey=5-nrt1-0-1igoc81nf2445000-0fb80266a0f449f6--SoA06_M33YQv69zwFZ0MbzkdCdPP,株式会社齋藤医療器械,,,,,機械・医療機器メーカー,
https://townwork.net/viewjob/jobid_54ca867b5efa8eb3/?jbRsltTrackingKey=5-nrt1-0-1igoc81nf2445000-54ca867b5efa8eb3--SoAd6_M33YQv68TwFZ0JbzkdCdPP,株式会社フレンド,,,,,配送・トラック輸送,
https://townwork.net/detail/clc_2980578003/joid_Y00ME8UR/?jbRsltTrackingKey=5-nrt1-0-1igoc81nf2445000-PPPY00ME8UR0001,ＣareerＰlaceＰlus(キャリアプレイスプラス)/ＳＢＹ,,,,,派-13-305833、請負業,http://careerpp.com/
https://townwork.net/viewjob/jobid_bf11b6e1b360da77/?jbRsltTrackingKey=5-nrt1-0-1igoc81nf2445000-bf11b6e1b360da77--SoAO6_M33YQv68TwFZ0NbzkdCdPP,社会保険労務士法人第一コンサルティング,,,,,法関連サービス,
https://townwork.net/viewjob/jobid_c251628f0c5c6888/?jbRsltTrackingKey=5-nrt1-0-1igoc81nf2445000-c251628f0c5c6888--SoBY6_M33YQv68zwFZ0JbzkdCdPP,株式会社綜合キャリアオプション,,,,,人材派遣,
https://townwork.net/detail/clc_2079851007/joid_Y00ME37W/?jbRsltTrackingKey=5-nrt1-0-1igoc81nf2445000-PPPY00ME37W0001,ＳＯＭＰＯコミュニケーションズ(株)　Ｎo.016,,,,,コールセンター,https://sompo-job.net/top/
https://townwork.net/viewjob/jobid_22e542e9b9316a67/?jbRsltTrackingKey=5-nrt1-0-1igoc81nf2445000-22e542e9b9316a67--SoAB6_M33YQv6_TwFZ0JbzkdCdPP,株式会社長谷川ジャバラ,,,,,製造・メーカー,
https://townwork.net/viewjob/jobid_72437968335ee55e/?jbRsltTrackingKey=5-nrt1-0-1igoc81nf2445000-72437968335ee55e--SoAS6_M33YQv6_TwFZ0NbzkdCdPP,株式会社バーニングプロダクション,,,,,芸術・娯楽・レクリエーション,https://www.webburning.com/
https://townwork.net/detail/clc_1896681002/joid_Y00MAX1D/?jbRsltTrackingKey=5-nrt1-0-1igoc81nf2445000-PPPY00MAX1D0001,株式会社日本パーソナルビジネス　(派27-030205),,,,,派遣業,https://www.npb-net.com/index_0.html
https://townwork.net/viewjob/jobid_03ee205a1895e506/?jbRsltTrackingKey=5-nrt1-0-1igoc81nf2445000-03ee205a1895e506--SoBE6_M33YQv6_zwFZ0JbzkdCdPP,公益財団法人日本生産性本部,,,,,経営コンサルティング,
https://townwork.net/viewjob/jobid_a2506abd36759ecc/?jbRsltTrackingKey=5-nrt1-0-1igoc81nf2445000-a2506abd36759ecc--SoDj6_M33YQv6_zwFZ0MbzkdCdPP,株式会社Luup,,,,,生活関連サービス,
https://townwork.net/detail/clc_2898122007/joid_Y00MEAEE/?jbRsltTrackingKey=5-nrt1-0-1igoc81nf2445000-PPPY00MEAEE0001,株式会社ヒューマン・ライジン　池袋オフィス,,,,,派遣・請負業/派13-304283,https://h-raizin.com/
https://townwork.net/viewjob/jobid_24b09b18a7a985b8/?jbRsltTrackingKey=5-nrt1-0-1igoc81nf2445000-24b09b18a7a985b8--SoDK6_M33YQv6-TwFZ0JbzkdCdPP,株式会社ロマンシングイノベーション,,,,,経営コンサルティング,
https://townwork.net/viewjob/jobid_dc3000a4af931a24/?jbRsltTrackingKey=5-nrt1-0-1igoc81nf2445000-dc3000a4af931a24--SoDZ6_M33YQv6-TwFZ0NbzkdCdPP,株式会社食彩房　成木屋,,,,,飲食,http://www.nk-gp.co.jp/index.html
https://townwork.net/detail/clc_1671115025/joid_Y00ME4CE/?jbRsltTrackingKey=5-nrt1-0-1igoc81nf2445000-PPPY00ME4CE0001,アルティウスリンク株式会社/1241105900,,,,,請負業,https://www.j-meets.com/
https://townwork.net/viewjob/jobid_08cf83cb097edc82/?jbRsltTrackingKey=5-nrt1-0-1igoc81nf2445000-08cf83cb097edc82--SoCP6_M33YQv6-zwFZ0JbzkdCdPP,株式会社ユニマットライフ,,,,,総合商社・専門商社・卸売,
https://townwork.net/viewjob/jobid_a6785276e5bd36fe/?jbRsltTrackingKey=5-nrt1-0-1igoc81nf2445000-a6785276e5bd36fe--SoA56_M33YQv65TwFZ0JbzkdCdPP,株式会社ソラスト,,,,,医療・病院,
https://townwork.net/detail/clc_0124866082/joid_Y00ME5YV/?opf=PR4&jbRsltTrackingKey=5-nrt1-0-1igoc81nf2445000-PPPY00ME5YV0001,日本総合住生活株式会社　南多摩支店　営業課,,,,,分譲マンションの管理,http://www.js-net.co.jp/
https://townwork.net/detail/clc_1692663073/?opf=B&jbRsltTrackingKey=5-nrt1-0-1igoc81nf2445000-PPPY00ME6SC0001,株式会社ゆとりの空間,,,,,栗原はるみプロデュースの生活雑貨店,https://www.yutori.co.jp/
